board,trajectories,evaluations,best_move
"8| . . . . . . k .
7| r . . . n p b p
6| . . . p . n P .
5| . . p P p . B .
4| . . . . P . P .
3| . q N . . P . .
2| . P Q . . . . .
1| . . K R . . . R
   _ _ _ _ _ _ _ _
   A B C D E F G H

- It is Black’s turn to move.
- No castling rights available.
- No en passant target square.
- Halfmove clock: 2
- Fullmove number: 24","['b3b8 g6f7 g8f8 c1d2 a7b7', 'b3b6 g6f7 g8f8 c1d2 a7a8', 'b3b4 g6f7 g8f8 c3b1 c5c4']","['3.26 (centipawns)', '4.07 (centipawns)', '4.02 (centipawns)']",b3b8
"8| . . . . k . . r
7| . . p . b p p p
6| . . . q . n . .
5| . p . . R . . .
4| . . . p . . . .
3| . . . . . . N .
2| . P P P . P P P
1| . . B Q . . K .
   _ _ _ _ _ _ _ _
   A B C D E F G H

- It is White’s turn to move.
- Castling rights: Black can castle kingside.
- No en passant target square.
- Halfmove clock: 0
- Fullmove number: 19","['d1e1 g7g6 d2d3 f6d7 e5b5', 'd1e2 d4d3 c2d3 g7g6 d3d4', 'e5b5 e8g8 d2d3 d6a6 b5e5']","['1.51 (centipawns)', '1.06 (centipawns)', '0.91 (centipawns)']",d1e1
"8| . . . . . . . .
7| p . r . . k . .
6| . . . . . p . .
5| . R P . . r p p
4| . P . R . . . .
3| . . . . . . . P
2| . . . . K . P .
1| . . . . B . . .
   _ _ _ _ _ _ _ _
   A B C D E F G H

- It is Black’s turn to move.
- No castling rights available.
- No en passant target square.
- Halfmove clock: 0
- Fullmove number: 39","['c7e7 e2d2 h5h4 e1h4 g5h4', 'a7a6 b5a5 c7e7 e2d2 f5e5']","['3.90 (centipawns)', '5.15 (centipawns)']",c7e7
"8| . . . . . . . R
7| . . . . . . . .
6| . . k r . p . .
5| . . . p . P . .
4| . . p K . . . .
3| . . P . . . . .
2| . . . . . . P P
1| . . . . . . . .
   _ _ _ _ _ _ _ _
   A B C D E F G H

- It is Black’s turn to move.
- No castling rights available.
- No en passant target square.
- Halfmove clock: 3
- Fullmove number: 43","['c6b7 h8f8 d6a6 g2g4 a6a2', 'd6d7 h8f8 d7h7 f8f6 c6d7', 'c6b6 h8f8 d6d7 f8f6 b6c7']","['5.33 (centipawns)', '5.35 (centipawns)', '5.72 (centipawns)']",c6b7
"8| r . b q k b . r
7| p p . . p p p p
6| . . n p . n . .
5| . . p . . . . .
4| . . . . P . . .
3| . B N . . N . .
2| P P P P . P P P
1| R . B Q K . . R
   _ _ _ _ _ _ _ _
   A B C D E F G H

- It is Black’s turn to move.
- Castling rights: White can castle kingside, White can castle queenside, Black can castle kingside, Black can castle queenside.
- No en passant target square.
- Halfmove clock: 3
- Fullmove number: 5","['c8g4 h2h3 g4f3 d1f3 c6d4', 'a7a6 e1g1 c8g4 h2h3 g4f3', 'g7g6 d2d4 c5d4 f3d4 f8g7', 'c6d4 b3a4 c8d7 a4d7 d8d7']","['0.04 (centipawns)', '0.13 (centipawns)', '0.09 (centipawns)', '0.05 (centipawns)']",c8g4
"8| r . . . k b . r
7| p . p b q . . p
6| . . B . p n p .
5| . . . . . p . .
4| . . . P . . . .
3| . . N . B . . .
2| P P P . . P P P
1| R . . Q . R K .
   _ _ _ _ _ _ _ _
   A B C D E F G H

- It is White’s turn to move.
- Castling rights: Black can castle kingside, Black can castle queenside.
- No en passant target square.
- Halfmove clock: 1
- Fullmove number: 12",['c6a8 h7h5 d4d5 e6e5 d5d6'],['5.87 (centipawns)'],c6a8
"8| . . . . . . . .
7| . . . . . . . .
6| . . . . . k . .
5| . . . . . . P .
4| . . . . . . . R
3| . . . . . . . P
2| . . . . . . . .
1| . . B . . N K .
   _ _ _ _ _ _ _ _
   A B C D E F G H

- It is Black’s turn to move.
- No castling rights available.
- No en passant target square.
- Halfmove clock: 0
- Fullmove number: 56","['f6f5 h4a4 f5g6 h3h4 g6f5', 'f6g6 f1g3 g6f7 h4f4 f7e7', 'f6f7 h4f4 f7e6 g5g6 e6d5', 'f6e6 h4f4 e6d5 g5g6 d5d6']","['Mate in 11', 'Mate in 10', 'Mate in 8', 'Mate in 8']",f6f5
"8| . . . b . r k .
7| p . . . . p p .
6| . . B . . n . p
5| . N . p . . . .
4| . . . P . . b .
3| . . . K . . Q .
2| P . P B . P P P
1| . . . . . q . .
   _ _ _ _ _ _ _ _
   A B C D E F G H

- It is White’s turn to move.
- No castling rights available.
- No en passant target square.
- Halfmove clock: 5
- Fullmove number: 21",['d3c3 d8a5 c3b3 a5d2 b5a3'],['-10.17 (centipawns)'],d3c3
"8| r n b q . r k .
7| . p . . b p p .
6| . . . . p n . p
5| . N . p . . . .
4| . . . . . . . .
3| . . . . P . . .
2| . . P P N P P P
1| . R B Q K B . R
   _ _ _ _ _ _ _ _
   A B C D E F G H

- It is Black’s turn to move.
- Castling rights: White can castle kingside.
- No en passant target square.
- Halfmove clock: 0
- Fullmove number: 11","['b8c6 e2g3 g7g6 f2f4 d5d4', 'e6e5 e2g3 b8c6 f1e2 c8e6', 'c8d7 e2g3 a8a5 b5d4 e6e5', 'a8a5 e2g3 c8d7 c1b2 d7b5']","['-0.33 (centipawns)', '-0.33 (centipawns)', '-0.36 (centipawns)', '-0.27 (centipawns)']",b8c6
"8| r n b q k . . r
7| p p p . b p p p
6| . . . p . n . .
5| . . . . p . . .
4| . . B . P . . .
3| . . . . . N . .
2| P P P P . P P P
1| R N B Q . R K .
   _ _ _ _ _ _ _ _
   A B C D E F G H

- It is White’s turn to move.
- Castling rights: Black can castle kingside, Black can castle queenside.
- No en passant target square.
- Halfmove clock: 4
- Fullmove number: 5","['f1e1 c7c5 b1c3 b8c6 d2d3', 'b1c3 c7c5 d2d3 b8c6 a2a4', 'd2d3 e8g8 b1c3 c7c5 c1d2', 'd2d4 e5d4 f1e1 c8g4 d1d4']","['0.16 (centipawns)', '0.18 (centipawns)', '0.23 (centipawns)', '0.07 (centipawns)']",f1e1
"8| . . . . . Q n k
7| . p . . . . p p
6| p q p P r . . .
5| . . . . . . . .
4| . . . . p P . .
3| . . . . . . P .
2| P P . . b . K P
1| R . . R . . . .
   _ _ _ _ _ _ _ _
   A B C D E F G H

- It is White’s turn to move.
- No castling rights available.
- No en passant target square.
- Halfmove clock: 3
- Fullmove number: 25",['d6d7 e2f3 g2f1 b6b5 f1g1'],['-0.58 (centipawns)'],d6d7
"8| r n b q k b . r
7| p p . . . p p p
6| . . . . p n . .
5| . . . p . . . .
4| . . . p . . . .
3| . . N . P N . .
2| P P P B . P P P
1| R . . Q K B . R
   _ _ _ _ _ _ _ _
   A B C D E F G H

- It is White’s turn to move.
- Castling rights: White can castle kingside, White can castle queenside, Black can castle kingside, Black can castle queenside.
- No en passant target square.
- Halfmove clock: 0
- Fullmove number: 6","['e3d4 b8c6 f1d3 c8d7 e1g1', 'f1b5 c8d7 b5d7 b8d7 e3d4']","['0.22 (centipawns)', '-0.21 (centipawns)']",e3d4
"8| r . . . . . . .
7| . p p . . . b .
6| . . k . B q . .
5| . . . . . . . .
4| p . . n . . . .
3| . . . Q . P . .
2| P P . . . . P .
1| . K R . R . . .
   _ _ _ _ _ _ _ _
   A B C D E F G H

- It is Black’s turn to move.
- No castling rights available.
- No en passant target square.
- Halfmove clock: 3
- Fullmove number: 25",['c6b6 d3c4 c7c6 c4c5 b6c7'],['3.13 (centipawns)'],c6b6
"8| r . b . k b . r
7| p . p . . p p p
6| . . p . . q . .
5| . . . . N . . .
4| . . . . p . . .
3| . . . . . . . .
2| P P P P . P P P
1| R . B Q K . . R
   _ _ _ _ _ _ _ _
   A B C D E F G H

- It is White’s turn to move.
- Castling rights: White can castle kingside, White can castle queenside, Black can castle kingside, Black can castle queenside.
- No en passant target square.
- Halfmove clock: 1
- Fullmove number: 9","['d2d4 f8d6 e1g1 e8g8 c1e3', 'e5c4 c8e6 d1e2 f6d4 c4e3']","['-0.27 (centipawns)', '-1.10 (centipawns)']",d2d4
"8| . . . . . . . r
7| p . . . . k p p
6| . . . b p n . .
5| . N . . . . . .
4| . . p . P P . .
3| . . . q . . . .
2| P P . . N . P P
1| R . Q . . K . R
   _ _ _ _ _ _ _ _
   A B C D E F G H

- It is Black’s turn to move.
- No castling rights available.
- No en passant target square.
- Halfmove clock: 4
- Fullmove number: 16","['d6c5 c1c3 f6g4 c3d3 c4d3', 'd6b4 c1d1 b4d2 d1b1 h8b8', 'd6e7 c1c3 d3e4 c3e5 e4d5']","['4.00 (centipawns)', '4.02 (centipawns)', '4.61 (centipawns)']",d6c5
"8| . . k . . . . b
7| . p p . . . . p
6| p . p . . . . .
5| P . . . . . . .
4| . . . . q . . .
3| . . P . B b P .
2| . P . . . P . P
1| R . . . Q . K .
   _ _ _ _ _ _ _ _
   A B C D E F G H

- It is Black’s turn to move.
- No castling rights available.
- No en passant target square.
- Halfmove clock: 0
- Fullmove number: 27","['e4f5 e3f4 h8f6 e1e8 f6d8', 'e4g4 e3f4 h8f6 e1e8 f6d8', 'h8f6 e3f4 f3e2 e1d2 e2h5', 'f3h1 e1f1 h1f3 a1e1 e4f5']","['4.81 (centipawns)', '5.05 (centipawns)', '5.03 (centipawns)', '5.05 (centipawns)']",e4f5
"8| r n b q k b . r
7| p p p . p p p p
6| . . . p . n . .
5| . . . . P . . .
4| . . . . . . . .
3| . . . . . N . .
2| P P P P . P P P
1| R N B Q K B . R
   _ _ _ _ _ _ _ _
   A B C D E F G H

- It is Black’s turn to move.
- Castling rights: White can castle kingside, White can castle queenside, Black can castle kingside, Black can castle queenside.
- No en passant target square.
- Halfmove clock: 0
- Fullmove number: 3","['d6e5 f3e5 b8d7 e5c4 b7b5', 'f6d5 c2c4 d5b6 e5d6 e7d6']","['-0.29 (centipawns)', '0.53 (centipawns)']",d6e5
"8| r n b q . . . r
7| . p p k . . . .
6| . . . . p . . .
5| b . . p P p . p
4| P . . P . . . .
3| . . P . . N Q .
2| . . . . . . P P
1| R N B . K . . R
   _ _ _ _ _ _ _ _
   A B C D E F G H

- It is White’s turn to move.
- Castling rights: White can castle kingside, White can castle queenside.
- No en passant target square.
- Halfmove clock: 0
- Fullmove number: 16","['e1g1 b7b6 c1g5 d8e8 f1c1', 'h2h4 b7b6 e1g1 c8a6 f1f2', 'c1g5 d8e8 e1g1 b7b6 f1c1']","['0.92 (centipawns)', '1.12 (centipawns)', '0.94 (centipawns)']",e1g1
"8| . . k r . . . r
7| . . p . . p . p
6| p . . . . . p .
5| . . . P b . . .
4| . P P . R . . .
3| N . . . . . . P
2| P . . . . P . .
1| . K . . . . . .
   _ _ _ _ _ _ _ _
   A B C D E F G H

- It is White’s turn to move.
- No castling rights available.
- No en passant target square.
- Halfmove clock: 0
- Fullmove number: 26",['e4e5 h8e8 e5g5 e8e2 a3c2'],['-3.91 (centipawns)'],e4e5
"8| r n . q . r k .
7| . p . b b p p .
6| . . . . p n . p
5| . N . p . . . .
4| . . . . . . . .
3| . . . . P . . .
2| . . P P N P P P
1| . R B Q K B . R
   _ _ _ _ _ _ _ _
   A B C D E F G H

- It is White’s turn to move.
- Castling rights: White can castle kingside.
- No en passant target square.
- Halfmove clock: 1
- Fullmove number: 12","['e2g3 a8a5 b5d4 e6e5 d4f5', 'e2d4 b8c6 c1b2 e6e5 d4f3', 'e2g1 f6e4 c1b2 a8a5 b5d4', 'e2c3 e6e5 f1e2 b8c6 d2d4']","['-0.17 (centipawns)', '-0.45 (centipawns)', '-0.60 (centipawns)', '-0.50 (centipawns)']",e2g3
"8| r . . . n N k .
7| p b . n . . . .
6| . p q p . . . .
5| . . . . p . . p
4| . . . . . . . .
3| . . P . . P . R
2| P P . . . . P P
1| R . b Q . . K .
   _ _ _ _ _ _ _ _
   A B C D E F G H

- It is White’s turn to move.
- No castling rights available.
- No en passant target square.
- Halfmove clock: 0
- Fullmove number: 21","['d1c1 g8f8 h3h5 e8f6 c1h6', 'a1c1 g8f8 h3h5 e8f6 h5h8', 'f8g6 c1e3 g1h1 g8f7 d1d3', 'h3g3 g8f8 d1c1 f8e7 c1h6']","['-4.21 (centipawns)', '-4.47 (centipawns)', '-4.46 (centipawns)', '-4.57 (centipawns)']",d1c1
"8| . . . . . . . .
7| . . . . . . . p
6| p . . . . . . .
5| . p . b . k p .
4| . . p . . . . P
3| . . P . . P P .
2| P P . . . K . .
1| . . . . . . . .
   _ _ _ _ _ _ _ _
   A B C D E F G H

- It is Black’s turn to move.
- No castling rights available.
- No en passant target square.
- Halfmove clock: 0
- Fullmove number: 34","['g5h4 g3h4 f5f4 f2e1 d5f3', 'g5g4 f3g4 f5g4 f2e3 g4g3']","['-7.43 (centipawns)', '-6.78 (centipawns)']",g5h4
"8| . q r . r . k .
7| . p . . . p b p
6| p . . p N n p .
5| . . . . n . . .
4| P P . . P . . .
3| . Q N . B P . .
2| . . . . B . P P
1| . R R . . . K .
   _ _ _ _ _ _ _ _
   A B C D E F G H

- It is Black’s turn to move.
- No castling rights available.
- No en passant target square.
- Halfmove clock: 0
- Fullmove number: 19","['e8e6 b4b5 a6b5 c3b5 c8c1', 'f7e6 b4b5 a6b5 e2b5 e8e7']","['1.64 (centipawns)', '2.08 (centipawns)']",e8e6
"8| . . . . . R . .
7| . . . . . . . .
6| . . . . k . p .
5| . . . . b . . p
4| . . . . N . . .
3| . . . . B . . P
2| r . . . . . P .
1| . . . . . . K .
   _ _ _ _ _ _ _ _
   A B C D E F G H

- It is White’s turn to move.
- No castling rights available.
- No en passant target square.
- Halfmove clock: 1
- Fullmove number: 38","['g1f1 e6e7 f8f3 a2a1 f1e2', 'e4g5 e6d7 f8f7 d7e8 f7f1', 'f8f1 e6d5 e4g5 e5g3 e3f4', 'f8f3 e6d5 e4d2 d5e6 e3g5']","['4.18 (centipawns)', '4.23 (centipawns)', '4.27 (centipawns)', '4.21 (centipawns)']",g1f1
"8| r . . . k . . r
7| . p p q . p p p
6| p . . . . n . .
5| . . . . . . B .
4| . . B p P . . .
3| b . . . . Q . .
2| P P P . . P P P
1| . . . . . R K .
   _ _ _ _ _ _ _ _
   A B C D E F G H

- It is White’s turn to move.
- Castling rights: Black can castle kingside, Black can castle queenside.
- No en passant target square.
- Halfmove clock: 0
- Fullmove number: 15","['g5f6 g7f6 f3f6 e8g8 f6g5', 'f3a3 h7h6 g5d2 d7d6 a3a4']","['0.00 (centipawns)', '-0.85 (centipawns)']",g5f6
"8| r n . . . k . r
7| p p . . b p p p
6| . . . . . n . .
5| . . . q p . . .
4| . . . P . . . .
3| . . . B . . . .
2| P P Q . . P N P
1| R . B . . R K .
   _ _ _ _ _ _ _ _
   A B C D E F G H

- It is Black’s turn to move.
- No castling rights available.
- No en passant target square.
- Halfmove clock: 3
- Fullmove number: 14","['b8c6 d4e5 c6e5 d3e2 e5c6', 'b8d7 d4e5 d7e5 d3e2 e5c6', 'e5d4 c2c8 d5d8 c8b7 b8d7', 'd5d4 c2c8 d4d8 c8b7 b8d7']","['-0.29 (centipawns)', '-0.24 (centipawns)', '-0.29 (centipawns)', '-0.07 (centipawns)']",b8c6
"8| r . b q k b n r
7| p p . . . p p p
6| . . n . p . . .
5| . . . p . . . .
4| Q . . . . . . .
3| . . . . . N P .
2| P P P . P P B P
1| R N B . K . . R
   _ _ _ _ _ _ _ _
   A B C D E F G H

- It is Black’s turn to move.
- Castling rights: White can castle kingside, White can castle queenside, Black can castle kingside, Black can castle queenside.
- No en passant target square.
- Halfmove clock: 2
- Fullmove number: 6","['c8d7 e1g1 g8f6 a4f4 a8c8', 'g8f6 c2c4 f8c5 e1g1 e8g8', 'f8c5 c2c4 g8f6 e1g1 e8g8', 'd8c7 c1f4 c7b6 a4b3 f8e7']","['-0.28 (centipawns)', '0.06 (centipawns)', '0.13 (centipawns)', '0.11 (centipawns)']",c8d7
"8| r . b q . r k .
7| p p p . b p p p
6| . . n . . . . .
5| . . . n . . . .
4| . . B P . . . .
3| . . N . . N . .
2| P P . . . P P P
1| R . B Q . R K .
   _ _ _ _ _ _ _ _
   A B C D E F G H

- It is Black’s turn to move.
- No castling rights available.
- No en passant target square.
- Halfmove clock: 1
- Fullmove number: 10","['c8e6 c4b3 d8d7 f1e1 f8e8', 'd5b6 c4b3 c8g4 h2h3 g4f3', 'd5c3 b2c3 c8f5 a2a4 e7d6', 'c6b4 f1e1 c8e6 c4b3 c7c6']","['0.07 (centipawns)', '0.16 (centipawns)', '0.14 (centipawns)', '0.29 (centipawns)']",c8e6
"8| r . b q k b . r
7| p . . p . . . .
6| . p n . p n . p
5| . . p . . . p .
4| P . . . P . . .
3| . . P . B P . .
2| . P . . . . P P
1| R N . Q K B N R
   _ _ _ _ _ _ _ _
   A B C D E F G H

- It is White’s turn to move.
- Castling rights: White can castle kingside, White can castle queenside, Black can castle kingside, Black can castle queenside.
- No en passant target square.
- Halfmove clock: 0
- Fullmove number: 9","['b1a3 c8b7 d1c2 d8e7 g1e2', 'g1h3 c8b7 b1a3 d7d5 a4a5', 'd1c2 d8c7 b1a3 a7a6 g1e2', 'f1d3 d7d5 e4d5 e6d5 d3g6']","['-0.07 (centipawns)', '0.16 (centipawns)', '-0.04 (centipawns)', '-0.19 (centipawns)']",b1a3
"8| r . . . r . . .
7| p p . . . . k p
6| . . . . . . p .
5| . . . . P . P .
4| . . B . . . . .
3| . P . . . . n .
2| P . . . . . K .
1| R . . . . . . .
   _ _ _ _ _ _ _ _
   A B C D E F G H

- It is Black’s turn to move.
- No castling rights available.
- No en passant target square.
- Halfmove clock: 4
- Fullmove number: 26","['g3e4 c4d5 e4g5 d5b7 a8d8', 'g3f5 a1e1 e8e7 e5e6 a8e8']","['-6.58 (centipawns)', '-6.31 (centipawns)']",g3e4
"8| r n b q k b . r
7| p p p . . p p p
6| . . . . p n . .
5| . . . p . . . .
4| . . P P . . . .
3| . . . . . . P .
2| P P . . P P . P
1| R N B Q K B N R
   _ _ _ _ _ _ _ _
   A B C D E F G H

- It is White’s turn to move.
- Castling rights: White can castle kingside, White can castle queenside, Black can castle kingside, Black can castle queenside.
- No en passant target square.
- Halfmove clock: 1
- Fullmove number: 4","['f1g2 f8b4 c1d2 a7a5 d1c2', 'g1f3 f8b4 c1d2 b4e7 f1g2']","['0.30 (centipawns)', '0.14 (centipawns)']",f1g2
"8| r n . . . r k .
7| p p . . q p . p
6| . . p . . . p B
5| . . . p . . . .
4| . . . P . . . .
3| . . P B . . . b
2| P P . . . P P P
1| R N . . K . . R
   _ _ _ _ _ _ _ _
   A B C D E F G H

- It is White’s turn to move.
- Castling rights: White can castle kingside, White can castle queenside.
- No en passant target square.
- Halfmove clock: 1
- Fullmove number: 19","['e1d1 h3g2 h6f8 g8f8 h1e1', 'e1f1 f8e8 b1d2 e7e6 f1g1', 'e1d2 e7h4 h6e3 h3g2 h1g1', 'h6e3 f7f5 e1g1 f5f4 e3d2']","['-6.83 (centipawns)', '-6.60 (centipawns)', '-6.95 (centipawns)', '-7.35 (centipawns)']",e1d1
"8| . . k r . q . r
7| p p . . . . . p
6| . p . p R . . .
5| . . . P . . . .
4| . . B . . p p P
3| . . . . . . . .
2| P P . . . P P .
1| R . . Q . . K .
   _ _ _ _ _ _ _ _
   A B C D E F G H

- It is White’s turn to move.
- No castling rights available.
- No en passant target square.
- Halfmove clock: 0
- Fullmove number: 21","['d1d4 h7h5 c4d3 f4f3 g2g3', 'd1g4 c8b8 a1e1 h8g8 g4f3']","['5.11 (centipawns)', '5.39 (centipawns)']",d1d4
"8| . . r . . . k .
7| . . . . . p p .
6| . . . . . n . p
5| . . . q N . r .
4| R . p P . . . .
3| . . P . . . P .
2| . . . . Q P P .
1| R . . . . . K .
   _ _ _ _ _ _ _ _
   A B C D E F G H

- It is White’s turn to move.
- No castling rights available.
- No en passant target square.
- Halfmove clock: 3
- Fullmove number: 32","['a4c4 c8c4 e5c4 d5e4 c4e3', 'g3g4 c8e8 a4a5 d5e6 a5a6']","['3.40 (centipawns)', '3.67 (centipawns)']",a4c4
"8| r n b . . b n r
7| . . . . . . p .
6| . . p q . . k .
5| . p . . . . N p
4| p . . . P . . P
3| . . . . . Q . .
2| P P P . . P P .
1| R N B . K . . R
   _ _ _ _ _ _ _ _
   A B C D E F G H

- It is Black’s turn to move.
- Castling rights: White can castle kingside, White can castle queenside.
- No en passant target square.
- Halfmove clock: 1
- Fullmove number: 11","['g8h6 b1c3 c8g4 f3e3 b8a6', 'g8f6 c1f4 d6e7 f3g3 b8d7', 'd6f6 f3g3 a4a3 f2f4 g8h6']","['-1.34 (centipawns)', '-0.26 (centipawns)', '0.00 (centipawns)']",g8h6
"8| . r . q . r k .
7| . . . . . p b .
6| . . . p p n p B
5| . p . N . . . .
4| . . . P . . . .
3| . . . B . N . P
2| P P P Q . P P .
1| R . . . . R K .
   _ _ _ _ _ _ _ _
   A B C D E F G H

- It is Black’s turn to move.
- No castling rights available.
- No en passant target square.
- Halfmove clock: 0
- Fullmove number: 17","['e6d5 h6g5 d8b6 d2f4 f6h5', 'f6d5 f1e1 b5b4 h6g5 d8b6']","['5.78 (centipawns)', '5.78 (centipawns)']",e6d5
"8| r . b q r . k .
7| p p . . . p p p
6| . . . b . n . .
5| . . . p N . . .
4| . . . . . . . .
3| . . P . . . B .
2| P P Q . B P P P
1| R N . . . R K .
   _ _ _ _ _ _ _ _
   A B C D E F G H

- It is Black’s turn to move.
- No castling rights available.
- No en passant target square.
- Halfmove clock: 0
- Fullmove number: 12",['d6e5 g3e5 e8e5 e2d3 d5d4'],['0.05 (centipawns)'],d6e5
"8| . . . . . . k .
7| . . p . . . . p
6| . p . b . . . .
5| p . . . . . q .
4| . . . . p . . .
3| P . . . P . . P
2| . P . . . . P .
1| . . . . B R . K
   _ _ _ _ _ _ _ _
   A B C D E F G H

- It is Black’s turn to move.
- No castling rights available.
- No en passant target square.
- Halfmove clock: 2
- Fullmove number: 31","['g5e3 e1h4 e3d3 f1e1 e4e3', 'g5e5 f1f4 e5b2 f4g4 g8f7', 'g5b5 h1g1 d6h2 g1h2 b5f1']","['-7.70 (centipawns)', '-7.76 (centipawns)', '-7.37 (centipawns)']",g5e3
"8| . . . . . Q . .
7| p . . . . . . p
6| . . . . . . p .
5| . . . p N . . k
4| . . . . . . . .
3| . . . . . . . P
2| q . . . . r P .
1| . . . . . . K .
   _ _ _ _ _ _ _ _
   A B C D E F G H

- It is White’s turn to move.
- No castling rights available.
- No en passant target square.
- Halfmove clock: 2
- Fullmove number: 33","['g2g4 h5g5 h3h4 g5h4 f8h6', 'f8f2 a2a1 f2f1 a1e5 f1f7']","['0.00 (centipawns)', '-1.05 (centipawns)']",g2g4
"8| . . . . . . . .
7| . . . . . . . .
6| . . . . . . . .
5| . . k . p . . .
4| . . . b P p . N
3| . . p . . P . P
2| . . P . . . P .
1| . . . K . . . .
   _ _ _ _ _ _ _ _
   A B C D E F G H

- It is White’s turn to move.
- No castling rights available.
- No en passant target square.
- Halfmove clock: 1
- Fullmove number: 47","['d1e2 d4g1 h4f5 c5c6 h3h4', 'h4f5 c5b4 d1e2 b4a4 e2d3']","['7.17 (centipawns)', '7.28 (centipawns)']",d1e2
"8| r . . . . r k .
7| p p . b p p . p
6| . . . . . b p .
5| q . P . . . . .
4| . . . . . . . .
3| . . P B P . . .
2| P . . . N P P P
1| R . . Q . R K .
   _ _ _ _ _ _ _ _
   A B C D E F G H

- It is White’s turn to move.
- No castling rights available.
- No en passant target square.
- Halfmove clock: 1
- Fullmove number: 14","['d3g6 h7g6 d1d7 a8b8 a1b1', 'a1b1 d7a4 d1c1 f8d8 d3e4', 'a2a4 f8d8 d1b1 a5c5 b1b7']","['0.21 (centipawns)', '-0.22 (centipawns)', '-0.61 (centipawns)']",d3g6
"8| . . . . . . . .
7| . . p . . . . .
6| . p . p k . . .
5| p . . . . . . .
4| . . . N P p . r
3| . . . P . K n .
2| P P P . . . . .
1| R . . . . . . .
   _ _ _ _ _ _ _ _
   A B C D E F G H

- It is Black’s turn to move.
- No castling rights available.
- No en passant target square.
- Halfmove clock: 1
- Fullmove number: 39","['e6e5 d4c6 e5e6 c6d4 e6e5', 'e6d7 a1g1 a5a4 a2a3 c7c5']","['0.23 (centipawns)', '0.32 (centipawns)']",e6e5
"8| r . . . . . . .
7| . . . . . k . p
6| . . . . . . . .
5| . . p . B . . .
4| p . P . . . . .
3| . . . . . . . .
2| . P P K . . P P
1| . . . . . . . .
   _ _ _ _ _ _ _ _
   A B C D E F G H

- It is White’s turn to move.
- No castling rights available.
- No en passant target square.
- Halfmove clock: 1
- Fullmove number: 32","['d2c3 f7e6 e5f4 e6d7 g2g3', 'e5f4 a8d8 d2c3 f7e6 f4e3', 'g2g3 f7e6 e5f4 e6f5 d2c3', 'd2d3 a8d8 d3c3 f7e6 e5f4']","['-1.19 (centipawns)', '-1.25 (centipawns)', '-1.97 (centipawns)', '-1.69 (centipawns)']",d2c3
"8| . . . r q r k .
7| p b . . b p p p
6| . p . . p n . .
5| . . p . . . . .
4| . . . N . . P P
3| . . N B B P . .
2| P P P . . Q . .
1| . . K R R . . .
   _ _ _ _ _ _ _ _
   A B C D E F G H

- It is Black’s turn to move.
- No castling rights available.
- No en passant target square.
- Halfmove clock: 0
- Fullmove number: 15",['c5d4 e3d4 e8c6 g4g5 f6h5'],['0.23 (centipawns)'],c5d4
"8| . . . . . . r .
7| . . . k p . . .
6| p . p . . . . b
5| . . . . . . . p
4| . . . P p p p B
3| . . P . . . . .
2| P P . . . P P P
1| R . . . R . K .
   _ _ _ _ _ _ _ _
   A B C D E F G H

- It is Black’s turn to move.
- No castling rights available.
- No en passant target square.
- Halfmove clock: 1
- Fullmove number: 22","['e4e3 f2e3 f4e3 e1e2 g8b8', 'e7e6 e1e4 g8f8 e4e5 f8f5']","['5.51 (centipawns)', '7.09 (centipawns)']",e4e3
"8| . . . . . . . .
7| . . . . . . . .
6| p k . . . . . .
5| N p . . . p . p
4| . . . p . b . .
3| P P . K . P . P
2| . . . . . . . .
1| . . . . . . . .
   _ _ _ _ _ _ _ _
   A B C D E F G H

- It is White’s turn to move.
- No castling rights available.
- No en passant target square.
- Halfmove clock: 1
- Fullmove number: 47",['b3b4 f4c1 d3d4 c1a3 d4c3'],['-3.48 (centipawns)'],b3b4
"8| . . r . . . . .
7| . p p . . . . k
6| . p . . . . . p
5| . P n . N p p .
4| . . . . . . . .
3| P . . . n P . .
2| . B . . . . P P
1| . . . . R . K .
   _ _ _ _ _ _ _ _
   A B C D E F G H

- It is Black’s turn to move.
- No castling rights available.
- No en passant target square.
- Halfmove clock: 5
- Fullmove number: 36","['f5f4 e5g4 c5d3 e1e2 e3g4', 'e3d5 e1e2 c8a8 e2d2 d5e3', 'c5a4 e1e3 a4b2 e5d3 b2c4']","['-1.42 (centipawns)', '-0.57 (centipawns)', '-0.59 (centipawns)']",f5f4
"8| r n . q k b n r
7| p p p . p p p p
6| . . . . . . . .
5| . . . . . b N Q
4| . . . . p . . .
3| . . . . . . . .
2| P P P P . P P P
1| R N B . K B . R
   _ _ _ _ _ _ _ _
   A B C D E F G H

- It is Black’s turn to move.
- Castling rights: White can castle kingside, White can castle queenside, Black can castle kingside, Black can castle queenside.
- No en passant target square.
- Halfmove clock: 3
- Fullmove number: 4","['f5g6 h5e2 b8c6 g5e4 c6d4', 'g7g6 h5h4 b8c6 g5e4 g6g5']","['-2.16 (centipawns)', '-1.77 (centipawns)']",f5g6
"8| . . r . . . k .
7| . . . . . p p p
6| . . q . p B . .
5| p . . p . . . .
4| . . . . . . . .
3| . . . . . P . .
2| P P b Q . . P .
1| K . . R . . R .
   _ _ _ _ _ _ _ _
   A B C D E F G H

- It is Black’s turn to move.
- No castling rights available.
- No en passant target square.
- Halfmove clock: 1
- Fullmove number: 26",['c2d1 f6c3 d1c2 d2c2 d5d4'],['-2.06 (centipawns)'],c2d1
"8| r n b q k . . r
7| p p . . p p b p
6| . . . p . n p .
5| . . . . . . . .
4| . . . N P . . .
3| . . N . B P . .
2| P P P . . . P P
1| R . . Q K B . R
   _ _ _ _ _ _ _ _
   A B C D E F G H

- It is Black’s turn to move.
- Castling rights: White can castle kingside, White can castle queenside, Black can castle kingside, Black can castle queenside.
- No en passant target square.
- Halfmove clock: 0
- Fullmove number: 7","['b8c6 d1d2 e8g8 e1c1 d6d5', 'a7a6 d1d2 h7h5 f1e2 b8d7', 'e8g8 d1d2 b8c6 e1c1 d6d5', 'h7h5 d1d2 b8d7 f1d3 d7c5']","['0.60 (centipawns)', '0.78 (centipawns)', '0.62 (centipawns)', '0.65 (centipawns)']",b8c6
"8| r n b q k . n r
7| p p . . p p b p
6| . . . p . . p .
5| . . . . . . . .
4| . . . p P P . .
3| . . . . B N . .
2| P P P . . . P P
1| R N . Q K B . R
   _ _ _ _ _ _ _ _
   A B C D E F G H

- It is White’s turn to move.
- Castling rights: White can castle kingside, White can castle queenside, Black can castle kingside, Black can castle queenside.
- No en passant target square.
- Halfmove clock: 0
- Fullmove number: 6","['f3d4 g8f6 b1c3 e8g8 f1e2', 'f1b5 c8d7 e3d4 g8f6 d1e2', 'e3d4 g8f6 f1b5 b8c6 e4e5']","['0.05 (centipawns)', '0.01 (centipawns)', '-0.21 (centipawns)']",f3d4
"8| . . . . . . . .
7| p . . . . . . p
6| . . . b . . . .
5| . k . . . R p .
4| . . . . . . P .
3| . . . . . . . .
2| P P . . r . . .
1| . . . . . . . K
   _ _ _ _ _ _ _ _
   A B C D E F G H

- It is Black’s turn to move.
- No castling rights available.
- No en passant target square.
- Halfmove clock: 1
- Fullmove number: 33","['e2e5 f5f7 d6c5 f7h7 b5c4', 'b5c4 f5g5 e2h2 h1g1 h2b2']","['-5.35 (centipawns)', '-5.01 (centipawns)']",e2e5
"8| . . . . . . r .
7| p p . b . Q p k
6| . . p . . p . p
5| . . . p . . . .
4| . . . P . . . .
3| . . . . . . R P
2| P . P q . P P .
1| R . . . . . K .
   _ _ _ _ _ _ _ _
   A B C D E F G H

- It is White’s turn to move.
- No castling rights available.
- No en passant target square.
- Halfmove clock: 1
- Fullmove number: 25",['f7d7 h7h8 c2c3 d2b2 a1e1'],['5.89 (centipawns)'],f7d7
"8| r n b q k . n r
7| p p . . . . p p
6| . . p b p p . .
5| . . . p . . . .
4| . . . P . B . .
3| . . N . . N . .
2| P P P . P P P P
1| R . . Q K B . R
   _ _ _ _ _ _ _ _
   A B C D E F G H

- It is White’s turn to move.
- Castling rights: White can castle kingside, White can castle queenside, Black can castle kingside, Black can castle queenside.
- No en passant target square.
- Halfmove clock: 2
- Fullmove number: 6","['f4d6 d8d6 e2e4 g8e7 f1d3', 'e2e3 g8e7 d1d2 e8g8 h2h4', 'd1d2 f6f5 e2e3 g8f6 h2h4', 'd1c1 d6b4 a2a3 b4c3 b2c3']","['0.91 (centipawns)', '0.43 (centipawns)', '0.40 (centipawns)', '0.36 (centipawns)']",f4d6
"8| . . . . . . . .
7| p . . . . p . .
6| . p . . . k p .
5| . . p . . . . .
4| . . . . N . P .
3| . . . . . . . .
2| P . P . . P . .
1| . . . . . . K .
   _ _ _ _ _ _ _ _
   A B C D E F G H

- It is Black’s turn to move.
- No castling rights available.
- No en passant target square.
- Halfmove clock: 2
- Fullmove number: 35","['f6e5 e4c3 a7a6 c3a4 e5d4', 'f6e6 e4g5 e6e7 g1f1 f7f5']","['3.86 (centipawns)', '4.98 (centipawns)']",f6e5
"8| r . . . r . k .
7| p . p n . p P .
6| . p . b p . . .
5| . . . . . . N .
4| . . . P N q . .
3| . . . . . . . .
2| P P . . Q P P P
1| R . . . . R K .
   _ _ _ _ _ _ _ _
   A B C D E F G H

- It is White’s turn to move.
- No castling rights available.
- No en passant target square.
- Halfmove clock: 1
- Fullmove number: 17","['e2h5 g8g7 h5h7 g7f8 f1e1', 'e4d6 c7d6 e2h5 g8g7 h5h7']","['4.19 (centipawns)', '4.10 (centipawns)']",e2h5
"8| . . . . . . . .
7| . . . . . . k p
6| p . . . . p p .
5| . p . b P . . .
4| . . p . . . . .
3| . . P . . P . .
2| P P . . . . P P
1| . . . . . . K .
   _ _ _ _ _ _ _ _
   A B C D E F G H

- It is White’s turn to move.
- No castling rights available.
- No en passant target square.
- Halfmove clock: 0
- Fullmove number: 31","['e5f6 g7f6 g1f2 g6g5 g2g3', 'e5e6 g7f8 g1f2 f8e7 h2h4']","['-5.28 (centipawns)', '-5.66 (centipawns)']",e5f6
"8| r n b q k . n r
7| . . p . . p p p
6| p . . . p . . .
5| b p . . . . . .
4| . . p P P B . .
3| P . N . . N . .
2| . P . . . P P P
1| R . . Q K B . R
   _ _ _ _ _ _ _ _
   A B C D E F G H

- It is White’s turn to move.
- Castling rights: White can castle kingside, White can castle queenside, Black can castle kingside, Black can castle queenside.
- No en passant target square.
- Halfmove clock: 1
- Fullmove number: 8","['a3a4 g8f6 a4b5 a6b5 f4d2', 'f1e2 c8b7 b2b4 c4b3 d1b3', 'f4g5 g8e7 d1c2 h7h6 g5e3']","['-1.20 (centipawns)', '-1.30 (centipawns)', '-1.58 (centipawns)']",a3a4
"8| b R . . . . . .
7| . . . . . . k .
6| . . . . . . P p
5| . . P . P . . .
4| r . . p . . . .
3| . . . B . . . .
2| . . . . . . P P
1| . . . . B K . .
   _ _ _ _ _ _ _ _
   A B C D E F G H

- It is White’s turn to move.
- No castling rights available.
- No en passant target square.
- Halfmove clock: 1
- Fullmove number: 45",['e1h4 a4a1 f1f2 a1a2 f2g3'],['Mate in -18'],e1h4
"8| . . . . . . k .
7| p . . . . . . p
6| . . p . . . p .
5| . . . p . . . .
4| . . . . . . . .
3| . . . P . . . .
2| P . . . K . P b
1| . . . . . . . .
   _ _ _ _ _ _ _ _
   A B C D E F G H

- It is Black’s turn to move.
- No castling rights available.
- No en passant target square.
- Halfmove clock: 1
- Fullmove number: 30","['h2c7 e2d2 g8f7 d2e2 f7f6', 'h2f4 e2e1 g8f7 e1e2 f7e6', 'h2e5 e2e3 e5d6 a2a3 g8f8', 'g8f7 e2d1 f7f6 d1e2 f6f5']","['-8.27 (centipawns)', '-8.32 (centipawns)', '-8.38 (centipawns)', '-8.53 (centipawns)']",h2c7
"8| r n . q k . n r
7| p p . b p p b p
6| . . p p . . p .
5| . . . . . . . .
4| . . . P . B . .
3| . . N B P N . .
2| P P P . . P P P
1| R . . Q K . . R
   _ _ _ _ _ _ _ _
   A B C D E F G H

- It is Black’s turn to move.
- Castling rights: White can castle kingside, White can castle queenside, Black can castle kingside, Black can castle queenside.
- No en passant target square.
- Halfmove clock: 3
- Fullmove number: 6","['g8f6 h2h3 f6d5 c3d5 c6d5', 'd8b6 e1g1 d7g4 a2a4 a7a5', 'd7g4 h2h3 g4f3 d1f3 b8d7', 'd7c8 e3e4 b8d7 e4e5 d6e5']","['0.41 (centipawns)', '0.53 (centipawns)', '0.78 (centipawns)', '0.84 (centipawns)']",g8f6
"8| . . . q . r k .
7| . . . . n p p p
6| r p . . p . . .
5| . . . p P . . .
4| . . . N . . . .
3| P . P . . . . .
2| . . . . . P P P
1| R N . K R . . .
   _ _ _ _ _ _ _ _
   A B C D E F G H

- It is Black’s turn to move.
- No castling rights available.
- No en passant target square.
- Halfmove clock: 3
- Fullmove number: 18","['a6a4 b1d2 d8a8 d2b3 g8h8', 'g8h8 b1d2 d8a8 d4b5 a6a5', 'h7h6 e1e3 e7f5 d4f5 e6f5', 'e7g6 b1d2 g8h8 h2h4 d8h4']","['-7.11 (centipawns)', '-7.18 (centipawns)', '-7.18 (centipawns)', '-6.68 (centipawns)']",a6a4
"8| r . b . k . n q
7| p p . . . . p .
6| . . p . p . . .
5| . . . . . p . .
4| . . . p . p . .
3| . P . P . . P .
2| P . P N P . . .
1| R . . Q K B . .
   _ _ _ _ _ _ _ _
   A B C D E F G H

- It is White’s turn to move.
- Castling rights: White can castle queenside, Black can castle queenside.
- No en passant target square.
- Halfmove clock: 0
- Fullmove number: 16","['d2f3 f4g3 d1d2 h8h6 d2b4', 'd1c1 h8h2 g3f4 h2g3 e1d1']","['-3.45 (centipawns)', '-3.36 (centipawns)']",d2f3
"8| r . b q . r k .
7| p p p p b p p p
6| . . . . . n . .
5| . . . . p . B .
4| . . . n P . . .
3| . . . B . N . .
2| P P P . . P P P
1| R N . . . R K .
   _ _ _ _ _ _ _ _
   A B C D E F G H

- It is White’s turn to move.
- No castling rights available.
- No en passant target square.
- Halfmove clock: 6
- Fullmove number: 9","['f3d4 e5d4 e4e5 f6g4 g5e7', 'f3e5 d7d6 e5f7 f8f7 f2f4']","['-7.49 (centipawns)', '-8.11 (centipawns)']",f3d4
"8| r . . . . . k .
7| . . . . . p . p
6| . . q . p . . .
5| . . . p . p P P
4| . n p P . P . .
3| . . N . P Q . .
2| . P . . . . . .
1| . . . . . R K .
   _ _ _ _ _ _ _ _
   A B C D E F G H

- It is Black’s turn to move.
- No castling rights available.
- No en passant target square.
- Halfmove clock: 0
- Fullmove number: 30","['b4d3 h5h6 d3b2 f1b1 b2a4', 'g8h8 h5h6 a8g8 f3h5 c6d7', 'c6c7 h5h6 b4d3 f1b1 a8b8', 'c6c8 h5h6 b4d3 f1b1 a8b8']","['-0.59 (centipawns)', '0.00 (centipawns)', '-0.23 (centipawns)', '-0.11 (centipawns)']",b4d3
"8| . . . . k b r .
7| . . q . n p . .
6| p . . . . . . p
5| . . . . . . p .
4| . . b . . . . .
3| . . Q . . . . .
2| P . P R . P P P
1| . . . . R . K .
   _ _ _ _ _ _ _ _
   A B C D E F G H

- It is Black’s turn to move.
- No castling rights available.
- No en passant target square.
- Halfmove clock: 3
- Fullmove number: 25","['f8g7 c3e3 c4e6 e1d1 e7c6', 'g8g6 e1d1 g6c6 c3d4 f7f6']","['-4.53 (centipawns)', '-4.48 (centipawns)']",f8g7
"8| . . . . . . . .
7| . . p . . . . .
6| . . . . . . . .
5| . . p k . . . p
4| . . . . . . . .
3| . . . . . . . .
2| . . K . . . . P
1| . . . . . . . .
   _ _ _ _ _ _ _ _
   A B C D E F G H

- It is White’s turn to move.
- No castling rights available.
- No en passant target square.
- Halfmove clock: 4
- Fullmove number: 49","['c2d3 c5c4 d3e3 h5h4 e3d2', 'c2c3 c5c4 h2h3 h5h4 c3b4']","['-13.41 (centipawns)', '-14.61 (centipawns)']",c2d3
"8| . . . . . r k .
7| p b . . q p . p
6| . p . . . . p .
5| . P . . p . . .
4| P . R p P . . .
3| . Q . P . . P .
2| . . . . . P B P
1| . . . . . . K .
   _ _ _ _ _ _ _ _
   A B C D E F G H

- It is Black’s turn to move.
- No castling rights available.
- No en passant target square.
- Halfmove clock: 0
- Fullmove number: 23","['b7c8 b3c2 c8e6 c4c7 e7b4', 'e7d7 h2h4 f8c8 g1h2 c8c4', 'e7e6 b3c2 f8c8 c4c7 a7a6']","['-0.22 (centipawns)', '0.00 (centipawns)', '0.00 (centipawns)']",b7c8
"8| . . . r . . k .
7| . . . . . . p p
6| . p N . . . . .
5| p . . . . . . .
4| P . b p . . . P
3| . . . . . . P .
2| . b . . . P B K
1| . . . R . . . .
   _ _ _ _ _ _ _ _
   A B C D E F G H

- It is White’s turn to move.
- No castling rights available.
- No en passant target square.
- Halfmove clock: 2
- Fullmove number: 32",['c6d8 b2c3 d8c6 c4e2 d1d4'],['5.23 (centipawns)'],c6d8
"8| r . b q k . . r
7| p p p . . p p p
6| . . n . . . n .
5| . . b p P . . .
4| . . . . . . . .
3| . . P . P N . .
2| P P N B . P P P
1| R . . Q K B . R
   _ _ _ _ _ _ _ _
   A B C D E F G H

- It is Black’s turn to move.
- Castling rights: White can castle kingside, White can castle queenside, Black can castle kingside, Black can castle queenside.
- No en passant target square.
- Halfmove clock: 6
- Fullmove number: 8","['e8g8 f1e2 c6e5 f3e5 g6e5', 'c6e5 f3e5 g6e5 f1e2 e8g8', 'g6e5 c2b4 e8g8 b4c6 e5c6']","['-0.51 (centipawns)', '-0.57 (centipawns)', '-0.40 (centipawns)']",e8g8
"8| . q . . . . . .
7| . . . . . p k p
6| p . . . . . p .
5| . p R . . . Q n
4| . . . . . . . .
3| P . . . . P N P
2| . P . . . . P K
1| . . . r . . . .
   _ _ _ _ _ _ _ _
   A B C D E F G H

- It is Black’s turn to move.
- No castling rights available.
- No en passant target square.
- Halfmove clock: 3
- Fullmove number: 31","['f7f6 c5c8 b8d6 g5g4 h5g3', 'h5g3 g5e5 b8e5 c5e5 g3f5']","['-6.24 (centipawns)', '-5.40 (centipawns)']",f7f6
"8| . . . . . . . k
7| p . . q b . p p
6| . . p . . n . .
5| n . P p . . . .
4| . . . P p . . .
3| P . N . B . . P
2| . . . . B P P .
1| . Q . . . . K .
   _ _ _ _ _ _ _ _
   A B C D E F G H

- It is Black’s turn to move.
- No castling rights available.
- No en passant target square.
- Halfmove clock: 0
- Fullmove number: 22","['d7c8 e3d2 c8b7 b1b4 e7d8', 'd7b7 b1b7 a5b7 c3a2 b7d8', 'f6g8 e3f4 h7h6 b1b4 e7d8', 'h7h6 e3f4 f6g8 b1b4 e7d8']","['1.09 (centipawns)', '1.40 (centipawns)', '1.45 (centipawns)', '1.27 (centipawns)']",d7c8
"8| . . . . . . . .
7| k p Q . . . . p
6| p . p r . q . p
5| . . . . . . . .
4| . . . . . . . .
3| . . N . . B . P
2| . P P . . P P K
1| . . . . . . . .
   _ _ _ _ _ _ _ _
   A B C D E F G H

- It is White’s turn to move.
- No castling rights available.
- No en passant target square.
- Halfmove clock: 0
- Fullmove number: 36","['c3e4 f6f4 e4g3 f4d4 g3e2', 'c3d1 d6d2 c7h7 a6a5 h7c7', 'c3e2 d6e6 c2c3 f6e5 c7e5']","['2.99 (centipawns)', '2.80 (centipawns)', '2.62 (centipawns)']",c3e4
"8| . . r . . . k .
7| p . . . . p . .
6| . . . . . p . p
5| . . P . . . . .
4| r P . . . . . .
3| . . . . . . P .
2| P . . R . P . P
1| . . . R . . K .
   _ _ _ _ _ _ _ _
   A B C D E F G H

- It is White’s turn to move.
- No castling rights available.
- No en passant target square.
- Halfmove clock: 1
- Fullmove number: 27",['d2d8 g8g7 d8c8 a4a2 c5c6'],['7.48 (centipawns)'],d2d8
"8| . R . . . . . .
7| . . . . . . . .
6| . . . . . . p .
5| . . . . p . k .
4| . . . . . . p .
3| . . . . . . . .
2| . . . . . . B .
1| . . . . . K . .
   _ _ _ _ _ _ _ _
   A B C D E F G H

- It is Black’s turn to move.
- No castling rights available.
- No en passant target square.
- Halfmove clock: 0
- Fullmove number: 46","['g5f5 b8f8 f5e6 g2e4 g4g3', 'g5f6 g2e4 g6g5 b8g8 f6e6', 'g5f4 b8f8 f4e3 f8f6 e3d4']","['5.93 (centipawns)', '5.89 (centipawns)', '6.24 (centipawns)']",g5f5
"8| r . . q . r k .
7| . b . . p p b p
6| p . n p . n p .
5| . p . . . . B .
4| . P . P . . . .
3| P N . B P N . .
2| . . . . . P P P
1| . . R Q . R K .
   _ _ _ _ _ _ _ _
   A B C D E F G H

- It is Black’s turn to move.
- No castling rights available.
- No en passant target square.
- Halfmove clock: 3
- Fullmove number: 14","['h7h6 g5h4 d8d7 e3e4 f6h5', 'd8d7 e3e4 h7h6 g5h4 f6h5', 'a8c8 e3e4 h7h6 g5h4 f6h5', 'e7e6 e3e4 h7h6 g5h4 d8b6']","['0.29 (centipawns)', '0.24 (centipawns)', '0.28 (centipawns)', '0.19 (centipawns)']",h7h6
"8| r . b q . r k .
7| b p p . . p p p
6| p . n p . n . .
5| . . . . p . . .
4| . . B . P . . .
3| . . P P B N . P
2| P P . . . P P .
1| R N . Q R . K .
   _ _ _ _ _ _ _ _
   A B C D E F G H

- It is White’s turn to move.
- No castling rights available.
- No en passant target square.
- Halfmove clock: 2
- Fullmove number: 10","['d3d4 h7h6 c4b3 f8e8 b1d2', 'e3a7 a8a7 d3d4 a7a8 b1d2', 'a2a4 a7e3 e1e3 d6d5 e4d5']","['0.73 (centipawns)', '0.48 (centipawns)', '0.19 (centipawns)']",d3d4
"8| . . . . . . k .
7| . . . n . . N .
6| . b p . N . . .
5| . p . . r . B p
4| p . . . . . . P
3| . . . . . . . .
2| P P P . . n P K
1| R . . . . R . .
   _ _ _ _ _ _ _ _
   A B C D E F G H

- It is Black’s turn to move.
- No castling rights available.
- No en passant target square.
- Halfmove clock: 2
- Fullmove number: 28","['e5e2 f1f2 b6f2 a1d1 d7c5', 'a4a3 b2a3 e5e2 f1f2 e2f2', 'e5e4 f1f2 b6f2 a1d1 d7b6']","['5.29 (centipawns)', '5.39 (centipawns)', '5.92 (centipawns)']",e5e2
"8| . . . . . . . .
7| . . . . . . . .
6| . . . . . . . .
5| . P . . . . . .
4| . . . . . . p .
3| . . . . k . P .
2| . . . . . . . K
1| . . R . . . . .
   _ _ _ _ _ _ _ _
   A B C D E F G H

- It is White’s turn to move.
- No castling rights available.
- No en passant target square.
- Halfmove clock: 1
- Fullmove number: 62","['c1c7 e3d2 b5b6 d2e3 b6b7', 'c1c5 e3d4 c5c1 d4e5 b5b6', 'b5b6 e3d2 c1c7 d2e3 b6b7', 'h2g1 e3d2 c1c7 d2e3 g1h2']","['Mate in -5', 'Mate in -7', 'Mate in -5', 'Mate in -7']",c1c7
"8| r n b q k . . r
7| . p . . . . . p
6| . . p p . p . n
5| p . b . p . . .
4| . . B . P . p .
3| . . N P . N . P
2| P P P B . P P .
1| R . . Q . R K .
   _ _ _ _ _ _ _ _
   A B C D E F G H

- It is White’s turn to move.
- Castling rights: Black can castle kingside, Black can castle queenside.
- No en passant target square.
- Halfmove clock: 0
- Fullmove number: 11","['d2h6 g4f3 d1f3 d8e7 a2a3', 'f3h2 b7b5 d2h6 b5c4 h2g4', 'f3h4 h6f7 c4f7 e8f7 h3g4']","['2.92 (centipawns)', '2.40 (centipawns)', '2.22 (centipawns)']",d2h6
"8| . . . r . . k .
7| . b q r b p p p
6| p p . p p n n .
5| . . . . . . . .
4| . . P N P . . .
3| B P N . Q P . P
2| P . . R B . P .
1| . . . R . . K .
   _ _ _ _ _ _ _ _
   A B C D E F G H

- It is White’s turn to move.
- No castling rights available.
- No en passant target square.
- Halfmove clock: 1
- Fullmove number: 18","['e2f1 f6h5 c3a4 h7h6 d4c2', 'f3f4 e6e5 f4e5 d6e5 a3e7', 'd4c2 d6d5 a3e7 g6e7 e4d5', 'c3a4 d8b8 d4c2 b7a8 c2b4']","['0.19 (centipawns)', '0.13 (centipawns)', '0.14 (centipawns)', '0.00 (centipawns)']",e2f1
"8| r . b . . r k .
7| p p q n . p p p
6| . . . . p . . .
5| . . . p . . . .
4| . . . . . . . .
3| . . P B . Q P .
2| P P . N . . P P
1| . . R . . R K .
   _ _ _ _ _ _ _ _
   A B C D E F G H

- It is Black’s turn to move.
- No castling rights available.
- No en passant target square.
- Halfmove clock: 0
- Fullmove number: 15","['d7e5 f3e3 e5d3 e3d3 c7b6', 'c7b6 g1h1 b6b2 c1c2 b2b6']","['-2.58 (centipawns)', '-2.44 (centipawns)']",d7e5
"8| . . . . . . . .
7| R . . . . . . .
6| . . . . . . k p
5| P . . . . . . .
4| . . p . . . . .
3| . . . . . . . P
2| . . r . . . P K
1| R . . . . . . .
   _ _ _ _ _ _ _ _
   A B C D E F G H

- It is Black’s turn to move.
- No castling rights available.
- No en passant target square.
- Halfmove clock: 0
- Fullmove number: 38","['c2d2 a7c7 c4c3 a5a6 d2d8', 'g6f5 a5a6 c2d2 a7c7 d2d8', 'c2b2 a7c7 b2b8 a5a6 b8g8', 'c2c3 a7c7 c3d3 a5a6 d3d8']","['9.19 (centipawns)', '9.35 (centipawns)', '9.39 (centipawns)', '9.51 (centipawns)']",c2d2
"8| r n b q k . n r
7| p p . . . . p p
6| . . p . p . . .
5| . . . p N p P .
4| . . . . . . . .
3| . . . P . . P .
2| P P P . P P . .
1| R N . Q K B . R
   _ _ _ _ _ _ _ _
   A B C D E F G H

- It is Black’s turn to move.
- Castling rights: White can castle kingside, White can castle queenside, Black can castle kingside, Black can castle queenside.
- No en passant target square.
- Halfmove clock: 0
- Fullmove number: 7","['d8g5 b1d2 b8d7 d2f3 g5f6', 'g8e7 b1d2 d8b6 a1b1 b8d7']","['-0.56 (centipawns)', '0.80 (centipawns)']",d8g5
"8| . . . . R . . .
7| . k . . . . p .
6| . . . p . . . p
5| . N . . . . . .
4| p . . . . P . .
3| P b . . . . P P
2| . . . . . K . .
1| . . r . . . . .
   _ _ _ _ _ _ _ _
   A B C D E F G H

- It is Black’s turn to move.
- No castling rights available.
- No en passant target square.
- Halfmove clock: 3
- Fullmove number: 42","['c1a1 f2e3 b7c6 b5d4 c6d5', 'c1d1 e8e1 d1e1 f2e1 b7c6', 'c1c2 f2e3 c2a2 b5d6 b7c6']","['-0.77 (centipawns)', '-0.01 (centipawns)', '-0.01 (centipawns)']",c1a1
"8| . . . . . . . .
7| . . . . . . . .
6| . . . . p b k .
5| p . N . . p p .
4| . p . P . . P .
3| . P . Q . P q .
2| P . . R . . . r
1| . . . K . . . .
   _ _ _ _ _ _ _ _
   A B C D E F G H

- It is Black’s turn to move.
- No castling rights available.
- No en passant target square.
- Halfmove clock: 10
- Fullmove number: 46","['g3g1 d1c2 h2d2 d3d2 f5g4', 'h2h3 c5e6 g3f3 d3f3 h3f3']","['-1.66 (centipawns)', '-1.23 (centipawns)']",g3g1
"8| . . . . . . . k
7| . r . . . . . p
6| . . . . . . . P
5| . . . . . p P .
4| . . . . b P . .
3| . . . . . . . .
2| P . . . . . . R
1| K . R . . . N .
   _ _ _ _ _ _ _ _
   A B C D E F G H

- It is Black’s turn to move.
- No castling rights available.
- No en passant target square.
- Halfmove clock: 2
- Fullmove number: 37","['h8g8 h2b2 b7a7 g1e2 e4d5', 'e4d5 g1f3 b7a7 f3e5 d5e6']","['7.52 (centipawns)', '9.01 (centipawns)']",h8g8
"8| . . b . . r k .
7| . p . . . p p p
6| r . . . p b n .
5| . . . . . . . .
4| . . . . . . . .
3| P . N P . . P .
2| . P P B . . B P
1| . . K R . . . R
   _ _ _ _ _ _ _ _
   A B C D E F G H

- It is White’s turn to move.
- No castling rights available.
- No en passant target square.
- Halfmove clock: 5
- Fullmove number: 22","['h1e1 h7h5 e1e4 c8d7 e4b4', 'd1e1 b7b6 h1f1 c8d7 f1f6', 'c3e4 f6e7 e4c3 h7h5 h1e1', 'h1f1 h7h5 c3e4 f6e7 d2b4']","['2.60 (centipawns)', '2.57 (centipawns)', '2.46 (centipawns)', '2.36 (centipawns)']",h1e1
"8| . . . . . . . .
7| . . r . . . . .
6| R . p . k . p .
5| . . b . . p . p
4| . p . . . P . P
3| . . . . . . P K
2| . B . . . . . .
1| . . . . . . . .
   _ _ _ _ _ _ _ _
   A B C D E F G H

- It is White’s turn to move.
- No castling rights available.
- No en passant target square.
- Halfmove clock: 0
- Fullmove number: 39","['b2e5 c7c8 h3g2 e6d5 a6a4', 'a6a1 e6d5 a1d1 d5c4 d1c1', 'g3g4 h5g4 h3g3 e6d5 a6a1']","['-5.78 (centipawns)', '-5.94 (centipawns)', '-6.33 (centipawns)']",b2e5
"8| . . . . . k . .
7| . . . . b . . p
6| . p . . . . p .
5| p . . . p . . .
4| . . Q . p . . .
3| . . P . P . . .
2| . P . . . P K P
1| . . . . . . . .
   _ _ _ _ _ _ _ _
   A B C D E F G H

- It is White’s turn to move.
- No castling rights available.
- No en passant target square.
- Halfmove clock: 1
- Fullmove number: 39","['c4c7 a5a4 c7b6 f8f7 b6a7', 'c4e4 e7c5 e4e5 a5a4 e5f4', 'c4a6 h7h5 a6b6 f8g7 b6a5', 'c4c6 g6g5 c6b6 a5a4 b6h6']","['7.82 (centipawns)', '7.94 (centipawns)', '7.90 (centipawns)', '7.98 (centipawns)']",c4c7
"8| r . . q k . . r
7| p b p . b p . .
6| . p . . p n . .
5| . . . . P . p .
4| . . P P . . n .
3| . . N B . . P p
2| P P . B N . . P
1| R . . Q . R K .
   _ _ _ _ _ _ _ _
   A B C D E F G H

- It is Black’s turn to move.
- Castling rights: Black can castle kingside, Black can castle queenside.
- No en passant target square.
- Halfmove clock: 0
- Fullmove number: 16",['g4e5 d2g5 e5f3 f1f3 b7f3'],['-2.28 (centipawns)'],g4e5
"8| . . . . . . . .
7| . . R . . . p k
6| . . . b . . . p
5| . p . . . . . .
4| . . b . . . P .
3| . . P . P . . P
2| . P . . . K . .
1| . . . . . . . .
   _ _ _ _ _ _ _ _
   A B C D E F G H

- It is White’s turn to move.
- No castling rights available.
- No en passant target square.
- Halfmove clock: 4
- Fullmove number: 36","['c7b7 h7g8 e3e4 d6f4 b2b3', 'c7c6 d6e7 e3e4 h7g8 f2f3', 'c7d7 d6e5 e3e4 h7g6 d7b7', 'c7a7 d6e5 a7b7 e5f6 e3e4']","['0.03 (centipawns)', '0.00 (centipawns)', '0.00 (centipawns)', '0.00 (centipawns)']",c7b7
"8| . . N . . . . .
7| . . . . . . . .
6| . . . . p . p .
5| . . . p P b . .
4| k . . P . P . .
3| . r . . . . . .
2| . . . . K . . .
1| . . . . . . . .
   _ _ _ _ _ _ _ _
   A B C D E F G H

- It is White’s turn to move.
- No castling rights available.
- No en passant target square.
- Halfmove clock: 0
- Fullmove number: 52","['c8e7 a4a3 e7c6 a3b2 e2f2', 'c8d6 a4b4 e2f2 b3d3 f2e2']","['-8.20 (centipawns)', '-8.95 (centipawns)']",c8e7
"8| r . b . . . . .
7| p k p p . . p .
6| . . n . . . q p
5| . . . . . . N .
4| P p . . . . . .
3| . . . . . . . .
2| . . . . . K P P
1| . . Q . R . . .
   _ _ _ _ _ _ _ _
   A B C D E F G H

- It is White’s turn to move.
- No castling rights available.
- No en passant target square.
- Halfmove clock: 0
- Fullmove number: 28","['g5e4 a8b8 c1f4 d7d6 f2g1', 'g5h3 g6f6 f2g1 a8b8 e1d1', 'g5f3 a8b8 c1c4 b7a8 e1e3']","['-7.67 (centipawns)', '-7.78 (centipawns)', '-7.53 (centipawns)']",g5e4
"8| . . . . . . . .
7| . . p k . . p .
6| p . p . . . . .
5| . . P . . P . .
4| . P . . . b . .
3| P K B . . . . P
2| . . . . . . P .
1| . . . . . . . .
   _ _ _ _ _ _ _ _
   A B C D E F G H

- It is Black’s turn to move.
- No castling rights available.
- No en passant target square.
- Halfmove clock: 0
- Fullmove number: 36","['f4h6 g2g4 d7d8 h3h4 h6c1', 'd7e8 c3g7 f4d2 b3a4 e8f7', 'd7e7 c3g7 e7d7 b3a4 d7c8', 'f4g5 c3g7 g5f4 b3a4 f4d2']","['7.09 (centipawns)', '7.14 (centipawns)', '7.22 (centipawns)', '7.36 (centipawns)']",f4h6
"8| . . . . . . k .
7| p p p . . . . p
6| . . . p . . p .
5| . . . P p . . .
4| . . . . . . . .
3| . . P P P . . R
2| P r . . . . . .
1| . . . . K . . .
   _ _ _ _ _ _ _ _
   A B C D E F G H

- It is White’s turn to move.
- No castling rights available.
- No en passant target square.
- Halfmove clock: 0
- Fullmove number: 26","['d3d4 e5d4 c3d4 c7c6 d5c6', 'h3h4 b7b5 a2a4 a7a6 h4e4', 'a2a4 b2c2 c3c4 g8g7 e3e4', 'a2a3 b2c2 a3a4 c2c3 e1d2']","['-3.99 (centipawns)', '-4.54 (centipawns)', '-4.66 (centipawns)', '-4.86 (centipawns)']",d3d4
"8| r . . q k . . r
7| . b . . . p p p
6| p . p b p n . .
5| . . . p N . . .
4| . . p P . B . .
3| . . P . P N . .
2| P P . . . P P P
1| R . . Q . R K .
   _ _ _ _ _ _ _ _
   A B C D E F G H

- It is Black’s turn to move.
- Castling rights: Black can castle kingside, Black can castle queenside.
- No en passant target square.
- Halfmove clock: 7
- Fullmove number: 11","['e8g8 f3d2 c6c5 b2b3 c4b3', 'f6e4 f3d2 e4d2 d1d2 f7f6', 'a6a5 b2b3 f6e4 b3c4 f7f6']","['0.00 (centipawns)', '-0.09 (centipawns)', '0.35 (centipawns)']",e8g8
"8| r . . q . b . r
7| . . p . k . p .
6| p . . P p . Q p
5| . p . P . . . .
4| . n n . . P P .
3| . . N . . N . P
2| P P . . . . . .
1| R . B . . R K .
   _ _ _ _ _ _ _ _
   A B C D E F G H

- It is Black’s turn to move.
- No castling rights available.
- No en passant target square.
- Halfmove clock: 0
- Fullmove number: 19",['d8d6 d5e6 d6c5 g1g2 e7d8'],['5.31 (centipawns)'],d8d6
"8| . . k r . . n r
7| . b p . . . . p
6| p . . . . p . .
5| . p . . B . . .
4| . P p . . . . .
3| P . . . R . P .
2| . . . . . P . P
1| . . . . K B R .
   _ _ _ _ _ _ _ _
   A B C D E F G H

- It is Black’s turn to move.
- No castling rights available.
- No en passant target square.
- Halfmove clock: 0
- Fullmove number: 19",['f6e5 e3e5 g8f6 f1e2 c4c3'],['-5.91 (centipawns)'],f6e5
"8| . . . . . b . r
7| p . p k p p . .
6| . . . n . . . p
5| . . . P . . p .
4| . . . . . . . .
3| . . . . P . B .
2| P P . . . P P P
1| R . . . K . N R
   _ _ _ _ _ _ _ _
   A B C D E F G H

- It is Black’s turn to move.
- Castling rights: White can castle kingside, White can castle queenside.
- No en passant target square.
- Halfmove clock: 1
- Fullmove number: 17","['f8g7 g1f3 g7b2 f3e5 b2e5', 'h6h5 g3e5 f7f6 e5d4 h5h4', 'f7f6 a1c1 f8g7 g1e2 h8b8']","['6.10 (centipawns)', '6.52 (centipawns)', '6.71 (centipawns)']",f8g7
"8| r n b q k . n r
7| p p p . . p p p
6| . . . . . . . .
5| . . . . b . . .
4| . . B P p . . .
3| . . . . . . . .
2| P P P . . P P P
1| R N B Q K . . R
   _ _ _ _ _ _ _ _
   A B C D E F G H

- It is White’s turn to move.
- Castling rights: White can castle kingside, White can castle queenside, Black can castle kingside, Black can castle queenside.
- No en passant target square.
- Halfmove clock: 0
- Fullmove number: 6","['d1h5 d8e7 h5e5 e7e5 d4e5', 'd4e5 d8d1 e1d1 b8c6 c4d5']","['0.63 (centipawns)', '-0.42 (centipawns)']",d1h5
"8| r n b q k . n r
7| p p p . p p b p
6| . . . p . . p .
5| . . . . P . . .
4| . . . P . . . .
3| . . . . . . . .
2| P P P . . P P P
1| R N B Q K B N R
   _ _ _ _ _ _ _ _
   A B C D E F G H

- It is White’s turn to move.
- Castling rights: White can castle kingside, White can castle queenside, Black can castle kingside, Black can castle queenside.
- No en passant target square.
- Halfmove clock: 0
- Fullmove number: 4","['g1f3 d6e5 f3e5 g8h6 c1h6', 'e5d6 d8d6 g1f3 c7c5 d4c5']","['-0.31 (centipawns)', '-0.25 (centipawns)']",g1f3
"8| . . . . . . . .
7| . N . . . . . .
6| p . . k . . . .
5| . p . . . p . p
4| . . . p . b . .
3| . P . K . P . P
2| P . . . . . . .
1| . . . . . . . .
   _ _ _ _ _ _ _ _
   A B C D E F G H

- It is Black’s turn to move.
- No castling rights available.
- No en passant target square.
- Halfmove clock: 7
- Fullmove number: 44","['d6c6 b7d8 c6d5 d8f7 d5e6', 'd6d5 b3b4 f4c7 b7c5 d5e5']","['-3.10 (centipawns)', '-1.63 (centipawns)']",d6c6
"8| r . b q . r k .
7| . . . n n . p .
6| . . p . p . . p
5| p p . p P p . .
4| . . . P . . . .
3| P . B B . N . .
2| . P P . . P P P
1| R . . Q . R K .
   _ _ _ _ _ _ _ _
   A B C D E F G H

- It is White’s turn to move.
- No castling rights available.
- En passant target square: f6.
- Halfmove clock: 0
- Fullmove number: 13","['e5f6 f8f6 f1e1 e7g6 e1e3', 'd1e2 d7b6 b2b3 c8d7 e2d2', 'h2h3 e7g6 d1d2 c8b7 d2e3', 'g1h1 c6c5 d3b5 c8a6 b5a6']","['1.99 (centipawns)', '1.50 (centipawns)', '1.58 (centipawns)', '1.48 (centipawns)']",e5f6
"8| . . . . . r . .
7| p . . . . . . .
6| . p k . . . . .
5| . . . . . . . .
4| . . P . R . . P
3| . . r . . . . .
2| P . . . . . . K
1| . . . R . . . .
   _ _ _ _ _ _ _ _
   A B C D E F G H

- It is White’s turn to move.
- No castling rights available.
- No en passant target square.
- Halfmove clock: 1
- Fullmove number: 36","['h4h5 f8f2 h2g1 f2a2 e4h4', 'd1d2 f8h8 d2g2 h8h6 e4g4', 'h2g1 f8g8 g1f2 c3c2 f2f3', 'h2g2 f8g8 g2f2 c3c2 f2f3']","['-0.05 (centipawns)', '0.00 (centipawns)', '-0.05 (centipawns)', '0.00 (centipawns)']",h4h5
"8| r . b q . r k .
7| . . . . p p b p
6| p . n . . n p .
5| . p p . . . . .
4| . . . . . . . .
3| . P . B P N . .
2| P B P N . P P P
1| R . . Q . R K .
   _ _ _ _ _ _ _ _
   A B C D E F G H

- It is White’s turn to move.
- No castling rights available.
- No en passant target square.
- Halfmove clock: 2
- Fullmove number: 11","['a2a4 a8b8 a4b5 a6b5 d1c1', 'd1c1 d8c7 d2e4 c8g4 f3d2', 'd1e2 d8b6 c2c4 b5b4 d3c2', 'f1e1 d8c7 d1e2 c8b7 a2a4']","['-0.19 (centipawns)', '-0.20 (centipawns)', '0.00 (centipawns)', '-0.21 (centipawns)']",a2a4
"8| . . . . . r . k
7| . . p . . p p p
6| Q b . . . . . .
5| . . . q . . . .
4| p P . . . . . .
3| . . P . . . . .
2| . . . . . P P P
1| R . . . . R K .
   _ _ _ _ _ _ _ _
   A B C D E F G H

- It is White’s turn to move.
- No castling rights available.
- No en passant target square.
- Halfmove clock: 0
- Fullmove number: 24","['a6a4 d5c4 a4a8 h8g8 a8f3', 'a1a4 d5b3 a4a3 b3b2 a6a4', 'c3c4 d5d3 a1a4 b6d4 a4a3']","['4.44 (centipawns)', '4.32 (centipawns)', '4.17 (centipawns)']",a6a4
"8| r . b q k b . r
7| . p p . . p p p
6| . . . . p n . .
5| . P . . . . . .
4| p . . P . . . .
3| P B N . P . . .
2| . B . . . P P P
1| R . . Q K . N R
   _ _ _ _ _ _ _ _
   A B C D E F G H

- It is Black’s turn to move.
- Castling rights: White can castle kingside, White can castle queenside, Black can castle kingside, Black can castle queenside.
- No en passant target square.
- Halfmove clock: 0
- Fullmove number: 10",['a4b3 d1b3 b7b6 g1e2 f6d5'],['1.13 (centipawns)'],a4b3
"8| . . . . . . . .
7| . . . . k . p .
6| . p . . B b . p
5| p . p K p . . .
4| P r P . P . . .
3| . . . . . . . .
2| . . . . . . . .
1| . . . . . R . .
   _ _ _ _ _ _ _ _
   A B C D E F G H

- It is White’s turn to move.
- No castling rights available.
- No en passant target square.
- Halfmove clock: 4
- Fullmove number: 36","['e6g8 e7d7 g8e6 d7e7 e6g8', 'f1a1 h6h5 e6g8 g7g5 a1h1', 'e6d7 h6h5 d7f5 b4a4 f1c1', 'e6f5 h6h5 f1a1 h5h4 a1a3']","['-2.96 (centipawns)', '-3.97 (centipawns)', '-4.16 (centipawns)', '-3.63 (centipawns)']",e6g8
"8| r . b q k . . r
7| p p p p b p p p
6| . . n . . n . .
5| . . . . p . . .
4| . . B . P . . .
3| . . N P . N . .
2| P P P . . P P P
1| R . B Q K . . R
   _ _ _ _ _ _ _ _
   A B C D E F G H

- It is Black’s turn to move.
- Castling rights: White can castle kingside, White can castle queenside, Black can castle kingside, Black can castle queenside.
- No en passant target square.
- Halfmove clock: 0
- Fullmove number: 5","['e8g8 a2a4 d7d6 a4a5 c8g4', 'd7d6 a2a3 e8g8 e1g1 a7a5', 'a7a5 h2h3 e8g8 e1g1 d7d6', 'a7a6 e1g1 d7d6 a2a4 e8g8']","['0.10 (centipawns)', '0.19 (centipawns)', '0.29 (centipawns)', '0.25 (centipawns)']",e8g8
"8| . . . . . r k .
7| . . R . . p p .
6| . . N r p . . p
5| . . . . . . . .
4| . . . . . P . .
3| . . Q . . . . .
2| P . . . . K P .
1| . . . . . . . R
   _ _ _ _ _ _ _ _
   A B C D E F G H

- It is Black’s turn to move.
- No castling rights available.
- No en passant target square.
- Halfmove clock: 1
- Fullmove number: 30","['e6e5 f4e5 d6e6 f2e3 g8h8', 'g8h7 c3c2 h7g8 h1d1 d6c6', 'f8a8 c7c8 a8c8 c6e7 g8f8']","['9.08 (centipawns)', '10.26 (centipawns)', 'Mate in 17']",e6e5
"8| . . . . . r k .
7| . . . b q . p .
6| . Q . p . . . p
5| . P . P . . . .
4| . . P . p p . .
3| . . . . . . . P
2| . . . . B P P .
1| . R . . . . K .
   _ _ _ _ _ _ _ _
   A B C D E F G H

- It is Black’s turn to move.
- No castling rights available.
- No en passant target square.
- Halfmove clock: 0
- Fullmove number: 29","['e7f6 g1h2 d7f5 b1d1 f4f3', 'd7f5 b1e1 e7g5 e2g4 f5g4', 'e7g5 g1h2 g5e5 h2g1 e4e3', 'e7e5 b6a7 d7f5 b1d1 e4e3']","['0.00 (centipawns)', '0.40 (centipawns)', '0.00 (centipawns)', '0.49 (centipawns)']",e7f6
"8| r . b q . r k .
7| p p . . b p p p
6| . . n . p n . .
5| . . . p . . . .
4| . . . P . B . .
3| . . P B . N . .
2| P P . N . P P P
1| R . . Q . R K .
   _ _ _ _ _ _ _ _
   A B C D E F G H

- It is Black’s turn to move.
- No castling rights available.
- No en passant target square.
- Halfmove clock: 1
- Fullmove number: 9","['f6h5 f4e3 f7f5 f3e5 h5f6', 'f6e8 d1c2 f7f5 f3e5 c6e5', 'e7d6 f4d6 d8d6 f1e1 c6e7', 'a7a5 f3e5 e7d6 f1e1 d8c7']","['0.74 (centipawns)', '0.94 (centipawns)', '0.87 (centipawns)', '0.93 (centipawns)']",f6h5
"8| . . r q r . k .
7| . b . n . p p p
6| . p . B p n . .
5| . . . p . . . .
4| p . . P . . . .
3| . Q . . P N . .
2| . P . . B P P P
1| R . . . . R K .
   _ _ _ _ _ _ _ _
   A B C D E F G H

- It is White’s turn to move.
- No castling rights available.
- No en passant target square.
- Halfmove clock: 0
- Fullmove number: 18","['b3a4 d7f8 d6e5 f8g6 e5f6', 'a1a4 f6e4 d6b4 d8c7 f1a1']","['1.02 (centipawns)', '0.71 (centipawns)']",b3a4
"8| . . . . . . . .
7| . . . . . . . .
6| . . . . . . p .
5| . . . . . p . p
4| p B k . n K . P
3| P . P . . . P .
2| . . . . . . . .
1| . . . . . . . .
   _ _ _ _ _ _ _ _
   A B C D E F G H

- It is Black’s turn to move.
- No castling rights available.
- No en passant target square.
- Halfmove clock: 0
- Fullmove number: 47","['c4d3 b4a5 d3c4 a5b4 c4b3', 'c4d5 b4f8 d5c4 f8b4 c4b3', 'c4b5 f4e5 b5c4 e5f4 c4b3', 'c4b3 f4e5 e4g3 e5d4 f5f4']","['-3.13 (centipawns)', '-2.66 (centipawns)', '-3.00 (centipawns)', '-3.31 (centipawns)']",c4d3
"8| . . . . . . k .
7| . . . . . p p .
6| . p . . p . . .
5| p . p . P . . p
4| . . P r . P . .
3| . B . . . R P .
2| P . . . . . . P
1| . . n . . K . .
   _ _ _ _ _ _ _ _
   A B C D E F G H

- It is White’s turn to move.
- No castling rights available.
- No en passant target square.
- Halfmove clock: 2
- Fullmove number: 31","['h2h4 d4d2 f1e1 c1b3 a2b3', 'f3c3 c1b3 a2b3 g8h7 f1g2', 'f3e3 d4d2 a2a3 d2h2 b3a4']","['-2.48 (centipawns)', '-3.25 (centipawns)', '-3.13 (centipawns)']",h2h4
"8| r . b q k b n r
7| p p p p . p p p
6| . . n . . . . .
5| . . . . p . . .
4| . . . . P . . .
3| . . . P . . . .
2| P P P . . P P P
1| R N B Q K B N R
   _ _ _ _ _ _ _ _
   A B C D E F G H

- It is White’s turn to move.
- Castling rights: White can castle kingside, White can castle queenside, Black can castle kingside, Black can castle queenside.
- No en passant target square.
- Halfmove clock: 1
- Fullmove number: 3","['b1c3 f8b4 g1e2 g8e7 a2a3', 'a2a3 d7d5 e4d5 d8d5 b1c3', 'g1f3 g8f6 g2g3 d7d5 e4d5', 'c1e3 d7d5 e4d5 d8d5 g1f3']","['0.00 (centipawns)', '0.04 (centipawns)', '-0.02 (centipawns)', '-0.16 (centipawns)']",b1c3
"8| r . b k . . . r
7| p p p . . . B .
6| . . p b P . . p
5| . . . . . . . .
4| . q . . . . . .
3| . . . Q . . . .
2| P . . . . P P P
1| R N . . . R K .
   _ _ _ _ _ _ _ _
   A B C D E F G H

- It is Black’s turn to move.
- No castling rights available.
- No en passant target square.
- Halfmove clock: 0
- Fullmove number: 16",['h8g8 g7f6 d8e8 g2g3 c8e6'],['0.67 (centipawns)'],h8g8
"8| . . k r . b . r
7| p p . b . p . .
6| n q . p . p . .
5| . . p P p . . .
4| . . . . P P . p
3| . . N . . . P .
2| P P P Q . . . P
1| . K . R . B N R
   _ _ _ _ _ _ _ _
   A B C D E F G H

- It is White’s turn to move.
- No castling rights available.
- No en passant target square.
- Halfmove clock: 0
- Fullmove number: 13","['f1h3 d7h3 g1h3 a6c7 g3g4', 'g1f3 h4g3 f4e5 f6e5 d2g2', 'f4e5 d6e5 g3h4 c5c4 f1c4']","['1.03 (centipawns)', '0.55 (centipawns)', '0.37 (centipawns)']",f1h3
"8| . . . . . . . .
7| . p . . k p . .
6| p n . p . . . R
5| . . . . p P . .
4| . . . . K b . .
3| . . r . . . . .
2| P . . . . P . .
1| . . . . . . . .
   _ _ _ _ _ _ _ _
   A B C D E F G H

- It is White’s turn to move.
- No castling rights available.
- No en passant target square.
- Halfmove clock: 0
- Fullmove number: 34","['h6d6 e7d6 a2a3 c3a3 f5f6', 'h6h8 d6d5', 'h6h5 d6d5', 'a2a3 d6d5']","['Mate in 2', 'Mate in 0', 'Mate in 0', 'Mate in 0']",h6d6
"8| r n b q k b . r
7| p p p p . p p p
6| . . . . . n . .
5| . . . . p . . .
4| . . . . P . . .
3| . . P P . . . .
2| P P . . . P P P
1| R N B Q K B N R
   _ _ _ _ _ _ _ _
   A B C D E F G H

- It is Black’s turn to move.
- Castling rights: White can castle kingside, White can castle queenside, Black can castle kingside, Black can castle queenside.
- No en passant target square.
- Halfmove clock: 0
- Fullmove number: 3","['d7d5 g1f3 d5e4 f3e5 b8d7', 'b8c6 g1f3 d7d5 b1d2 f8d6', 'h7h6 g1f3 b8c6 f1e2 d7d5', 'f8e7 g1f3 b8c6 c3c4 e7c5']","['-0.36 (centipawns)', '-0.27 (centipawns)', '-0.24 (centipawns)', '-0.19 (centipawns)']",d7d5
"8| r . . q r . k .
7| . p p . . . . p
6| p . b . p . p .
5| . . . . N p . .
4| . . P P . Q . .
3| . P . . . . . .
2| P . . . . P P P
1| . . . R R . K .
   _ _ _ _ _ _ _ _
   A B C D E F G H

- It is Black’s turn to move.
- No castling rights available.
- No en passant target square.
- Halfmove clock: 2
- Fullmove number: 19","['e8e7 h2h4 d8f8 d1d3 f8f6', 'g6g5 f4g3 c6e4 h2h4 f5f4', 'a8c8 h2h4 d8e7 d1d3 e7f6', 'd8e7 h2h4 e7g7 d1d3 e8e7']","['2.44 (centipawns)', '2.53 (centipawns)', '2.77 (centipawns)', '2.83 (centipawns)']",e8e7
"8| r . . . . . . k
7| . b . . . Q p .
6| . . . . . . . p
5| . p . P B . . .
4| . . q b . . . .
3| . . . . . . . P
2| . . . . . . P .
1| . . . . . R . K
   _ _ _ _ _ _ _ _
   A B C D E F G H

- It is Black’s turn to move.
- No castling rights available.
- No en passant target square.
- Halfmove clock: 1
- Fullmove number: 30","['c4f1 f7f1 d4e5 d5d6 a8a1', 'd4e5 f1e1 c4f4 f7f4 e5f4']","['-9.04 (centipawns)', '-10.71 (centipawns)']",c4f1
"8| r . . q k . . r
7| p p . n p p b p
6| . . . p . n p .
5| . . p P . . . .
4| . . P . P P b .
3| . . N . . N . .
2| P P . . B . P P
1| R . B Q K . . R
   _ _ _ _ _ _ _ _
   A B C D E F G H

- It is Black’s turn to move.
- Castling rights: White can castle kingside, White can castle queenside, Black can castle kingside, Black can castle queenside.
- No en passant target square.
- Halfmove clock: 0
- Fullmove number: 8","['a7a6 e1g1 e8g8 a2a4 f6e8', 'e8g8 e1g1 g4f3 e2f3 a7a6', 'g4f3 e2f3 a7a6 d1e2 e8g8', 'a8b8 e1g1 e8g8 a2a4 a7a6']","['1.33 (centipawns)', '1.34 (centipawns)', '1.14 (centipawns)', '1.50 (centipawns)']",a7a6
"8| r n b q . r k .
7| p p . . . p p .
6| . . p b . . . p
5| . . . p . . . .
4| . . . P . P . .
3| . . . B P N . .
2| P P . . . . P P
1| R . B Q K . . R
   _ _ _ _ _ _ _ _
   A B C D E F G H

- It is White’s turn to move.
- Castling rights: White can castle kingside, White can castle queenside.
- No en passant target square.
- Halfmove clock: 0
- Fullmove number: 10","['c1d2 b8d7 e1g1 d7f6 f3e5', 'e1g1 b8d7 f3e5 d7f6 c1d2', 'a2a4 a7a5 c1d2 b8d7 e1g1', 'a2a3 b8d7 e1g1 d7f6 f3e5']","['0.11 (centipawns)', '0.09 (centipawns)', '-0.01 (centipawns)', '-0.02 (centipawns)']",c1d2
"8| r . b q k b n r
7| p p p n . p p p
6| . . . . p . . .
5| . . . . . . B .
4| . . . P N . . .
3| . . . . . . . .
2| P P P . . P P P
1| R . . Q K B N R
   _ _ _ _ _ _ _ _
   A B C D E F G H

- It is Black’s turn to move.
- Castling rights: White can castle kingside, White can castle queenside, Black can castle kingside, Black can castle queenside.
- No en passant target square.
- Halfmove clock: 2
- Fullmove number: 5","['f8e7 h2h4 h7h6 g5e3 d7f6', 'g8f6 g1f3 f8e7 e4f6 e7f6', 'd7f6 g1f3 f8e7 e4f6 g8f6']","['0.19 (centipawns)', '0.32 (centipawns)', '0.32 (centipawns)']",f8e7
"8| . . . r . . . r
7| p b p . . . k .
6| . p . . . n B .
5| . . . . . . . .
4| . . . P . N . .
3| . . P . . P . p
2| P P . . . K . .
1| . . . . R . R .
   _ _ _ _ _ _ _ _
   A B C D E F G H

- It is White’s turn to move.
- No castling rights available.
- No en passant target square.
- Halfmove clock: 2
- Fullmove number: 35","['f4e6 g7h6 g6f7 d8g8 f7g8', 'g6f5 g7f7 f5e6 f7e8 e6h3']","['6.18 (centipawns)', '6.27 (centipawns)']",f4e6
"8| r n b q k b n r
7| p p . . p p p p
6| . . p . . . . .
5| . . . p P . . .
4| . . . P . P . .
3| . . N . . . . .
2| P P P . . . P P
1| R . B Q K B N R
   _ _ _ _ _ _ _ _
   A B C D E F G H

- It is Black’s turn to move.
- Castling rights: White can castle kingside, White can castle queenside, Black can castle kingside, Black can castle queenside.
- No en passant target square.
- Halfmove clock: 0
- Fullmove number: 5","['h7h5 f1d3 g7g6 h2h3 c8f5', 'g7g6 h2h3 h7h5 f1d3 c8f5', 'e7e6 g1f3 c6c5 c1e3 c5c4', 'c8f5 g2g4 f5d7 h2h4 h7h5']","['0.81 (centipawns)', '0.69 (centipawns)', '0.82 (centipawns)', '0.98 (centipawns)']",h7h5
"8| r . . . . r k .
7| p Q p q . p p p
6| . . . b p . b .
5| . . . n . . . .
4| . . P . . . . .
3| . . . . . . . P
2| P P . P . P P .
1| R N B . . R K .
   _ _ _ _ _ _ _ _
   A B C D E F G H

- It is Black’s turn to move.
- No castling rights available.
- No en passant target square.
- Halfmove clock: 0
- Fullmove number: 15","['f8b8 b7a8 b8a8 c4d5 g6d3', 'd5b4 b2b3 a8b8 b7f3 e6e5', 'a8b8 b7a7 d5b4 c4c5 b8a8', 'd5f4 b7f3 f4d3 b2b3 a7a5']","['-6.35 (centipawns)', '-5.84 (centipawns)', '-6.32 (centipawns)', '-6.27 (centipawns)']",f8b8
"8| . . . . . . . .
7| . p p . . . . .
6| . p . . . . . .
5| . P . . . . k .
4| . . . B K p n .
3| P . . . . . . .
2| . . . . . . . .
1| . . . . . . . .
   _ _ _ _ _ _ _ _
   A B C D E F G H

- It is Black’s turn to move.
- No castling rights available.
- No en passant target square.
- Halfmove clock: 1
- Fullmove number: 50","['g4f6 e4f3 g5f5 a3a4 f6g4', 'g4h2 d4c3 h2g4 c3e1 g4f6']","['-4.50 (centipawns)', '-4.47 (centipawns)']",g4f6
"8| . . . . . . . .
7| . . . . . P p .
6| . . . . p . . p
5| . . . p P . . .
4| . . . k . K . P
3| . . . . . . . .
2| . . . . . . . .
1| . . . . . . . .
   _ _ _ _ _ _ _ _
   A B C D E F G H

- It is White’s turn to move.
- No castling rights available.
- No en passant target square.
- Halfmove clock: 0
- Fullmove number: 56","['h4h5 d4d3 f7f8q d3c3 f8c8', 'f7f8q g7g6 f8h6 g6g5 h4g5']","['Mate in -16', 'Mate in -13']",h4h5
"8| . . . . . r k .
7| . . . . b p p b
6| r . . . p . . p
5| . . . . P . . .
4| . . R . . N . P
3| . . . . . . P .
2| P . . . . P . .
1| . . . . R . K .
   _ _ _ _ _ _ _ _
   A B C D E F G H

- It is Black’s turn to move.
- No castling rights available.
- No en passant target square.
- Halfmove clock: 0
- Fullmove number: 25","['a6a2 e1d1 f8a8 d1d7 e7f8', 'f8a8 e1c1 a6a2 h4h5 a8f8', 'a6a3 e1d1 a3a2 f4h5 h7g6', 'a6a8 a2a4 f8b8 e1d1 e7d8']","['-4.88 (centipawns)', '-4.71 (centipawns)', '-4.81 (centipawns)', '-4.44 (centipawns)']",a6a2
"8| r n b q . b n r
7| p p p . k . . .
6| . . . p p . . p
5| . . . . . p p Q
4| . . B P . . . .
3| . . . . P N B .
2| P P P . . P P P
1| R N . . K . . R
   _ _ _ _ _ _ _ _
   A B C D E F G H

- It is Black’s turn to move.
- Castling rights: White can castle kingside, White can castle queenside.
- No en passant target square.
- Halfmove clock: 1
- Fullmove number: 8",['g8f6 h5h3 f8g7 f3d2 h6h5'],['-1.86 (centipawns)'],g8f6
"8| . . . . . . . .
7| . . . . . . . .
6| . . . R . . . .
5| p . . . . . . .
4| . . . . . . . .
3| . . k . . . . K
2| . . . . . . . .
1| . . . . . . . .
   _ _ _ _ _ _ _ _
   A B C D E F G H

- It is White’s turn to move.
- No castling rights available.
- No en passant target square.
- Halfmove clock: 0
- Fullmove number: 49","['d6a6 a5a4 a6a4 c3b3 a4f4', 'd6c6 c3b4 c6b6 b4c3 b6a6']","['Mate in -14', '5.07 (centipawns)']",d6a6
"8| r n b q k b n r
7| p p p p . p p p
6| . . . . . . . .
5| . . . . . . . .
4| . . B . P . . .
3| . . p . . . . .
2| P P . . . P P P
1| R N B Q K . N R
   _ _ _ _ _ _ _ _
   A B C D E F G H

- It is Black’s turn to move.
- Castling rights: White can castle kingside, White can castle queenside, Black can castle kingside, Black can castle queenside.
- No en passant target square.
- Halfmove clock: 1
- Fullmove number: 4","['c3b2 c1b2 g8f6 e4e5 d7d5', 'd7d6 b1c3 b8c6 g1f3 g8f6', 'g8f6 b1c3 b8c6 g1f3 d7d6']","['-0.76 (centipawns)', '-0.18 (centipawns)', '-0.07 (centipawns)']",c3b2
"8| r n b . k . . r
7| p . q . . p b .
6| . p p p . . p .
5| . . . . P . . n
4| . . B . . . . .
3| . . . P . Q . .
2| P P P . . . P P
1| R . B . K . . R
   _ _ _ _ _ _ _ _
   A B C D E F G H

- It is Black’s turn to move.
- Castling rights: White can castle kingside, White can castle queenside, Black can castle kingside, Black can castle queenside.
- No en passant target square.
- Halfmove clock: 0
- Fullmove number: 15","['d6d5 c4b3 c7e5 e1d1 e5f6', 'c7e7 c1e3 d6d5 c4b3 e7h4', 'g7e5 d3d4 c7e7 d4e5 e7h4']","['-6.82 (centipawns)', '-6.05 (centipawns)', '-5.61 (centipawns)']",d6d5
"8| . R . . . . . .
7| . . . . . . . .
6| . . . . . . p .
5| . . . . p . . .
4| . . . . . k p .
3| . . . . . . . .
2| . . . . . . B .
1| . . . . . K . .
   _ _ _ _ _ _ _ _
   A B C D E F G H

- It is White’s turn to move.
- No castling rights available.
- No en passant target square.
- Halfmove clock: 1
- Fullmove number: 47","['b8c8 g6g5 c8f8 f4e3 f8f5', 'b8d8 e5e4 d8d4 f4e5 d4e4', 'b8g8 f4f5 g8f8 f5e6 g2e4', 'b8f8 f4g5 f8f7 g5h4 f7e7']","['6.15 (centipawns)', '6.02 (centipawns)', '6.02 (centipawns)', '6.15 (centipawns)']",b8c8
"8| . . . . . b k .
7| . . . . . . . p
6| p . . . p . p .
5| . . . . . . . .
4| . p p . . . P .
3| . . . . . . . P
2| . . . . . . K .
1| R . . . . . . .
   _ _ _ _ _ _ _ _
   A B C D E F G H

- It is White’s turn to move.
- No castling rights available.
- No en passant target square.
- Halfmove clock: 0
- Fullmove number: 41","['a1a6 b4b3 a6b6 f8a3 b6b8', 'g2f2 c4c3 f2e2 b4b3 a1g1']","['-5.66 (centipawns)', '-7.17 (centipawns)']",a1a6
"8| r . . q k b . r
7| p b p n . p p p
6| . p . . p n . .
5| . . . P . . B .
4| . . . P . . . .
3| . . N . P N . .
2| P P . . . P P P
1| R . . Q K B . R
   _ _ _ _ _ _ _ _
   A B C D E F G H

- It is Black’s turn to move.
- Castling rights: White can castle kingside, White can castle queenside, Black can castle kingside, Black can castle queenside.
- No en passant target square.
- Halfmove clock: 0
- Fullmove number: 7","['e6d5 f3e5 c7c6 e5d7 e8d7', 'h7h6 g5f6 d8f6 d1a4 a7a6']","['1.28 (centipawns)', '1.89 (centipawns)']",e6d5
"8| . . k r . . . r
7| p p p q . p p p
6| . . . . . . . .
5| . . . p P . . .
4| . . . . . P . .
3| . . N . P . . .
2| P P . Q . n P .
1| . . K R . . . .
   _ _ _ _ _ _ _ _
   A B C D E F G H

- It is Black’s turn to move.
- No castling rights available.
- No en passant target square.
- Halfmove clock: 3
- Fullmove number: 17",['f2d1 d2d1 d5d4 e3d4 d7d4'],['-8.08 (centipawns)'],f2d1
"8| . . k . . q r .
7| p . p . . p . .
6| . p . . p . n .
5| . . . p P . . Q
4| . . . P . . . .
3| P . P . P N B .
2| . P . . . . P .
1| . . K . . R . .
   _ _ _ _ _ _ _ _
   A B C D E F G H

- It is Black’s turn to move.
- No castling rights available.
- No en passant target square.
- Halfmove clock: 7
- Fullmove number: 25","['g8h8 h5g4 h8g8 f3e1 g6e7', 'g6e7 g3f4 f8e8 f1h1 c8b7', 'g8g7 f3e1 g6e7 g3f4 f8g8', 'f8g7 f3d2 c8b8 g3e1 a7a6']","['4.45 (centipawns)', '4.25 (centipawns)', '4.34 (centipawns)', '4.74 (centipawns)']",g8h8
"8| . . . . . . . .
7| p . . . . k P .
6| . . . . . . . .
5| . . p . . . . .
4| . . p . . . . .
3| P . K p . . . .
2| . P . . . . . .
1| . . . . . . . .
   _ _ _ _ _ _ _ _
   A B C D E F G H

- It is Black’s turn to move.
- No castling rights available.
- No en passant target square.
- Halfmove clock: 1
- Fullmove number: 48","['f7g8 c3d2 g8g7 a3a4 g7f6', 'a7a5 g7g8q f7g8 c3d2 g8g7', 'a7a6 c3c4 d3d2 g7g8q f7g8']","['-9.77 (centipawns)', '-11.35 (centipawns)', '-14.49 (centipawns)']",f7g8
"8| . . B . . r . k
7| p . p . . p p p
6| . . . . . n . .
5| . . . . . . . .
4| . P . . . . . .
3| P . . . . R . .
2| . . P . . . P P
1| R . . . . . K .
   _ _ _ _ _ _ _ _
   A B C D E F G H

- It is Black’s turn to move.
- No castling rights available.
- No en passant target square.
- Halfmove clock: 0
- Fullmove number: 25",['f8c8 a1d1 c8e8 f3d3 e8e6'],['4.95 (centipawns)'],f8c8
"8| N n . k . b . r
7| p p . . . p p p
6| . . . . . . . .
5| . . . . P . . .
4| . . . . . . b .
3| . . . P . . . .
2| P P P . . . P P
1| R . B n K B . R
   _ _ _ _ _ _ _ _
   A B C D E F G H

- It is Black’s turn to move.
- Castling rights: White can castle kingside, White can castle queenside.
- No en passant target square.
- Halfmove clock: 0
- Fullmove number: 11","['f8c5 f1e2 d1f2 h1f1 b8c6', 'f8b4 c2c3 d1c3 a2a3 b4a5']","['3.85 (centipawns)', '4.27 (centipawns)']",f8c5
"8| . . . . r . k .
7| p p b . . . p p
6| . . . . . . . .
5| . . . Q . . . .
4| . P . . . . . .
3| . . . . . . P .
2| P . . . . P . P
1| . . . . . R K .
   _ _ _ _ _ _ _ _
   A B C D E F G H

- It is Black’s turn to move.
- No castling rights available.
- No en passant target square.
- Halfmove clock: 0
- Fullmove number: 25","['g8f8 d5c5 e8e7 f1e1 c7d8', 'g8h8 d5f7 e8c8 f1c1 h7h6']","['8.82 (centipawns)', '10.64 (centipawns)']",g8f8
"8| r . b . . r k .
7| . p . . . p b p
6| . q . . p . p .
5| p . . p . . . .
4| P . . n . . . .
3| . B N . B . . .
2| . P P . . P P P
1| R . . Q R . K .
   _ _ _ _ _ _ _ _
   A B C D E F G H

- It is White’s turn to move.
- No castling rights available.
- No en passant target square.
- Halfmove clock: 0
- Fullmove number: 15",['c3b5 e6e5 c2c3 f8e8 e3d4'],['4.07 (centipawns)'],c3b5
"8| . . . . . . . k
7| . . p . . q p .
6| . . p p . p . p
5| . . . . p N n .
4| . . . . P . . P
3| . P . P P . Q .
2| r . P . . R P .
1| . . . . . . K .
   _ _ _ _ _ _ _ _
   A B C D E F G H

- It is Black’s turn to move.
- No castling rights available.
- No en passant target square.
- Halfmove clock: 0
- Fullmove number: 30","['g5e6 g3g4 h6h5 g4f3 g7g6', 'a2a1 f2f1 a1f1 g1f1 g5e6', 'g5h7 g3f3 c6c5 f5g3 a2a1']","['0.07 (centipawns)', '0.00 (centipawns)', '0.38 (centipawns)']",g5e6
"8| . . . . . . . k
7| p . p . . . . p
6| . p . . . . p .
5| . . . B . . P .
4| . . . . . . . .
3| . . N . K . . .
2| P P P . . . . P
1| . . . . . b . .
   _ _ _ _ _ _ _ _
   A B C D E F G H

- It is Black’s turn to move.
- No castling rights available.
- No en passant target square.
- Halfmove clock: 0
- Fullmove number: 25","['h8g7 c3e4 h7h5 c2c4 c7c5', 'c7c5 c3e4 h8g7 c2c4 g7f8', 'f1a6 c3e4 a6c8 c2c4 h8g7', 'h7h6 h2h4 h8g7 e3f4 c7c5']","['6.18 (centipawns)', '6.14 (centipawns)', '6.02 (centipawns)', '6.12 (centipawns)']",h8g7
"8| . . r . . r k .
7| . p . . p p b .
6| p . . p . n p p
5| . . . . . . B .
4| . n P N . . . .
3| . P N b P . . P
2| . P . . . P P .
1| R . . B R . K .
   _ _ _ _ _ _ _ _
   A B C D E F G H

- It is White’s turn to move.
- No castling rights available.
- No en passant target square.
- Halfmove clock: 0
- Fullmove number: 20","['g5f6 g7f6 a1a4 b4c6 c3d5', 'a1a4 h6g5 a4b4 c8b8 d1f3']","['0.00 (centipawns)', '-0.04 (centipawns)']",g5f6
"8| . . k . . . . .
7| . . . . . . . .
6| . . . . R . . .
5| . . . P P . . .
4| . . . . . N P .
3| . . . . . P . .
2| . P K . . . . .
1| . . . . . . . .
   _ _ _ _ _ _ _ _
   A B C D E F G H

- It is White’s turn to move.
- No castling rights available.
- No en passant target square.
- Halfmove clock: 1
- Fullmove number: 52","['c2d3 c8b7 g4g5 b7c7 d3e4', 'e6c6 c8b7 c2d3 b7b8 g4g5', 'c2d2 c8b7 d2d3 b7c8 g4g5', 'g4g5 c8b7 c2d3 b7c7 g5g6']","['Mate in -8', 'Mate in -8', 'Mate in -7', 'Mate in -6']",c2d3
"8| . . . . . . . .
7| . p . . . p k .
6| p P . . . . p .
5| . . . . . . . .
4| . . p . . . b q
3| . . P . . . . .
2| . . . . . . . .
1| . . . . . R K .
   _ _ _ _ _ _ _ _
   A B C D E F G H

- It is White’s turn to move.
- No castling rights available.
- No en passant target square.
- Halfmove clock: 1
- Fullmove number: 43",['f1f2 h4g3 f2g2 g3e1 g1h2'],['-11.46 (centipawns)'],f1f2
"8| . . . . . r r k
7| p p . . . . . p
6| . . . . . . . .
5| . . . . R . . p
4| . . . . . . . .
3| N . . . . N . .
2| P P . . . P P P
1| . . . . . R K .
   _ _ _ _ _ _ _ _
   A B C D E F G H

- It is White’s turn to move.
- No castling rights available.
- No en passant target square.
- Halfmove clock: 1
- Fullmove number: 19","['g1h1 g8g6 a3c4 a7a5 e5a5', 'e5e3 h5h4 h2h3 f8f6 g1h2', 'e5g5 g8g5 f3g5 h5h4 f2f3', 'f3g5 h5h4 a3c4 h7h6 g5e6']","['8.32 (centipawns)', '8.17 (centipawns)', '8.01 (centipawns)', '7.89 (centipawns)']",g1h1
"8| r . . q k b . r
7| p p p . . p . .
6| . . n p b p . p
5| . . . . p . . .
4| . . . . P . . .
3| P . N P . N . .
2| . P P . B P P P
1| R . . Q K . . R
   _ _ _ _ _ _ _ _
   A B C D E F G H

- It is Black’s turn to move.
- Castling rights: White can castle kingside, White can castle queenside, Black can castle kingside, Black can castle queenside.
- No en passant target square.
- Halfmove clock: 1
- Fullmove number: 8","['f6f5 c3d5 e6d5 e4d5 c6e7', 'f8g7 d3d4 c6e7 e1g1 c7c6', 'c6e7 e1g1 c7c6 d3d4 f8g7']","['-0.15 (centipawns)', '0.19 (centipawns)', '-0.06 (centipawns)']",f6f5
"8| r n b q k b . r
7| p p p . . p p p
6| . . . . . . . .
5| . . . p . . . .
4| . . . . n . . .
3| . . . P N . . .
2| P P P . . P P P
1| R N B Q K B . R
   _ _ _ _ _ _ _ _
   A B C D E F G H

- It is Black’s turn to move.
- Castling rights: White can castle kingside, White can castle queenside, Black can castle kingside, Black can castle queenside.
- No en passant target square.
- Halfmove clock: 1
- Fullmove number: 6","['e4f6 d3d4 f8e7 b1d2 e8g8', 'e4g5 d3d4 c7c6 c2c4 f8b4', 'e4c5 d3d4 c5e6 c2c4 c7c6']","['-0.29 (centipawns)', '0.13 (centipawns)', '0.26 (centipawns)']",e4f6
"8| . . . . . k . .
7| . . . . . p . p
6| . . p . . p . .
5| p p . b . . . .
4| . . . P . . . .
3| . P K . . P . P
2| . . . R . . P .
1| . . . . r . . .
   _ _ _ _ _ _ _ _
   A B C D E F G H

- It is White’s turn to move.
- No castling rights available.
- No en passant target square.
- Halfmove clock: 0
- Fullmove number: 32","['d2b2 e1e3 c3c2 f6f5 h3h4', 'd2a2 a5a4 h3h4 e1e3 c3b4', 'c3c2 e1e3 b3b4 a5b4 h3h4', 'd2d3 b5b4 c3d2 e1b1 d2c2']","['-7.26 (centipawns)', '-7.85 (centipawns)', '-7.77 (centipawns)', '-7.35 (centipawns)']",d2b2
"8| r . . q n . . r
7| . . . p . p k .
6| p . . . . b p .
5| . p . b N B . p
4| . P . . . . . .
3| . . . . . . . Q
2| P B . . . . P P
1| R . . . . R . K
   _ _ _ _ _ _ _ _
   A B C D E F G H

- It is Black’s turn to move.
- No castling rights available.
- No en passant target square.
- Halfmove clock: 0
- Fullmove number: 22","['d7d6 e5g6 f7g6 h3g3 d5f7', 'g6f5 f1f5 d5e6 a1e1 e6f5', 'd8e7 f5g6 f6e5 g6f7 d5f7']","['-3.65 (centipawns)', '-3.70 (centipawns)', '-3.40 (centipawns)']",d7d6
"8| r . b . k b . r
7| p p p . . p p p
6| . . n . p . . .
5| . . . p . q . P
4| . . . P . B . .
3| . . N . P N P .
2| P P . . . P . .
1| . . R Q K B . R
   _ _ _ _ _ _ _ _
   A B C D E F G H

- It is Black’s turn to move.
- Castling rights: White can castle kingside, Black can castle kingside, Black can castle queenside.
- No en passant target square.
- Halfmove clock: 0
- Fullmove number: 12","['g7g5 f3g5 e6e5 f1h3 e5f4', 'h7h6 f1d3 f5f6 c3b5 f8b4', 'f8e7 f1d3 f5g4 d3e2 g4f5', 'c8d7 f1d3 f5f6 f4g5 f6f3']","['6.67 (centipawns)', '6.14 (centipawns)', '6.36 (centipawns)', '7.44 (centipawns)']",g7g5
"8| r n b q k . . r
7| p . p . . p b .
6| . p . p . . p .
5| . . . N P . . n
4| . . . . . . . .
3| . . . . . Q . .
2| P P P P . . P P
1| R . B . K B . R
   _ _ _ _ _ _ _ _
   A B C D E F G H

- It is White’s turn to move.
- Castling rights: White can castle kingside, White can castle queenside, Black can castle kingside, Black can castle queenside.
- No en passant target square.
- Halfmove clock: 1
- Fullmove number: 13","['f1b5 c7c6 e1g1 e8g8 d5f6', 'd5f6 h5f6 f3a8 f6h5 g2g3', 'd2d4 c7c6 d5c3 d8h4 g2g3']","['-3.67 (centipawns)', '-3.98 (centipawns)', '-4.91 (centipawns)']",f1b5
"8| . . k r . b r .
7| p p . q . p . .
6| . . . p b Q . p
5| . . p . . . . .
4| . . . . P . . .
3| P . N . . . . .
2| . P P . B P P P
1| R . . . . R K .
   _ _ _ _ _ _ _ _
   A B C D E F G H

- It is White’s turn to move.
- No castling rights available.
- No en passant target square.
- Halfmove clock: 1
- Fullmove number: 14","['f1d1 c8b8 d1d2 f8g7 f6h4', 'e2b5 d7c7 c3d5 f8g7 f6f3', 'g2g3 c8b8 a1d1 f8g7 f6h4', 'c3d5 f8g7 f6h4 e6d5 e4d5']","['1.38 (centipawns)', '1.25 (centipawns)', '1.21 (centipawns)', '1.29 (centipawns)']",f1d1
"8| r n b q . r k .
7| p p p . p p b p
6| . . . p . n p .
5| . . . . . . . .
4| . . . P . . . .
3| . . . . P N . .
2| P P P . B P P P
1| R N B Q . R K .
   _ _ _ _ _ _ _ _
   A B C D E F G H

- It is White’s turn to move.
- No castling rights available.
- No en passant target square.
- Halfmove clock: 4
- Fullmove number: 6","['c2c4 c8f5 b1c3 f6e4 c3e4', 'b2b3 f8e8 c1b2 b8d7 c2c4', 'h2h3 b7b6 c2c4 c8b7 b1c3', 'b1c3 b7b6 e3e4 c8b7 e2d3']","['0.12 (centipawns)', '0.06 (centipawns)', '0.01 (centipawns)', '0.01 (centipawns)']",c2c4
"8| r . b q k b n r
7| p p . . . p p p
6| . . n . p . . .
5| . . p p . . . .
4| . . . P . B . .
3| . . P . P N . .
2| P P . . . P P P
1| R N . Q K B . R
   _ _ _ _ _ _ _ _
   A B C D E F G H

- It is Black’s turn to move.
- Castling rights: White can castle kingside, White can castle queenside, Black can castle kingside, Black can castle queenside.
- No en passant target square.
- Halfmove clock: 2
- Fullmove number: 5","['g8f6 b1d2 f6h5 f4g5 f7f6', 'f8d6 f4g3 g8h6 f1d3 e8g8', 'f8e7 b1d2 g8f6 h2h3 e7d6', 'c5d4 e3d4 f8d6 f4d6 d8d6']","['0.20 (centipawns)', '0.20 (centipawns)', '0.06 (centipawns)', '0.38 (centipawns)']",g8f6
"8| . r . q . r k .
7| p . . . p p b p
6| . p . p . . p .
5| . . p P n . P .
4| . . . . P Q B .
3| . . N . . . . P
2| P P P . . P . .
1| R . . . R . K .
   _ _ _ _ _ _ _ _
   A B C D E F G H

- It is Black’s turn to move.
- No castling rights available.
- No en passant target square.
- Halfmove clock: 2
- Fullmove number: 17","['f7f6 g1g2 b6b5 e1f1 b5b4', 'b6b5 h3h4 e5c4 f4g3 c4b2', 'e5c4 a2a4 f7f6 g5f6 g7f6']","['-2.13 (centipawns)', '-1.84 (centipawns)', '-1.79 (centipawns)']",f7f6
"8| r . . q . r k .
7| . p p . . p p .
6| p . . . p . . p
5| . . . . . . b .
4| . . . . b . P .
3| . . . . B . . .
2| P P P . B . . P
1| R . Q R . . K .
   _ _ _ _ _ _ _ _
   A B C D E F G H

- It is Black’s turn to move.
- No castling rights available.
- No en passant target square.
- Halfmove clock: 3
- Fullmove number: 18","['d8f6 d1f1 f6g6 e3g5 g6g5', 'd8e7 e3g5 h6g5 c1e3 e4c2']","['-3.76 (centipawns)', '-3.79 (centipawns)']",d8f6
"8| . . . r k . . r
7| . p q . b p p p
6| p . . . p . . .
5| . . P . N n . .
4| . . . P b . . .
3| P . . Q . P . P
2| . B . . . . P .
1| . . R . . R K .
   _ _ _ _ _ _ _ _
   A B C D E F G H

- It is White’s turn to move.
- Castling rights: Black can castle kingside.
- No en passant target square.
- Halfmove clock: 0
- Fullmove number: 22","['f3e4 c7e5 e4f5 e5d5 f5e6', 'd3e4 d8d5 f1d1 e8g8 f3f4']","['0.10 (centipawns)', '-0.74 (centipawns)']",f3e4
"8| . . . . . . . .
7| . R . . . . . p
6| . . B . . . p .
5| . . . . . . . .
4| . . . . . . . P
3| . . . . . . P .
2| . p . . r . . K
1| . . k . . . . .
   _ _ _ _ _ _ _ _
   A B C D E F G H

- It is White’s turn to move.
- No castling rights available.
- No en passant target square.
- Halfmove clock: 2
- Fullmove number: 54","['h2h3 b2b1q b7b1 c1b1 c6d5', 'c6g2 b2b1q b7b1 c1b1 h2g1', 'h2g1 b2b1q b7b1 c1b1 c6f3', 'h2h1 b2b1q b7b1 c1b1 c6f3']","['-0.40 (centipawns)', '-0.36 (centipawns)', '-0.36 (centipawns)', '-0.44 (centipawns)']",h2h3
"8| . k . r . b . r
7| . b q . n p p .
6| p p . p p . . p
5| . . p . . . . .
4| . . P . P . . N
3| P P . . . . P B
2| . Q . N . P . P
1| R . . . . R K .
   _ _ _ _ _ _ _ _
   A B C D E F G H

- It is White’s turn to move.
- No castling rights available.
- No en passant target square.
- Halfmove clock: 1
- Fullmove number: 16","['a1b1 h8g8 h4g2 g7g5 g2e3', 'h4g2 h8g8 a1b1 g7g5 g2e3', 'a1a2 h8g8 h4g2 g7g5 g2e3', 'a1d1 h8g8 h4g2 g7g5 g2e3']","['-2.69 (centipawns)', '-2.67 (centipawns)', '-2.82 (centipawns)', '-2.91 (centipawns)']",a1b1
"8| . . . r . . n r
7| B k p . . p . .
6| . p . . q . p .
5| . . . . b . . p
4| . . . . P . . .
3| . . N . . . . .
2| P P . . Q P P P
1| R . . . . R K .
   _ _ _ _ _ _ _ _
   A B C D E F G H

- It is White’s turn to move.
- No castling rights available.
- No en passant target square.
- Halfmove clock: 2
- Fullmove number: 17",['a2a4 e5c3 b2c3 b7a7 a4a5'],['0.45 (centipawns)'],a2a4
"8| . . . . r . k b
7| p p . q . . r p
6| . . . n . . p .
5| . . . p . p . .
4| . . . P . Q . P
3| . . P B . . R .
2| P P . B . . P .
1| . . . . . R K .
   _ _ _ _ _ _ _ _
   A B C D E F G H

- It is White’s turn to move.
- No castling rights available.
- No en passant target square.
- Halfmove clock: 3
- Fullmove number: 25","['h4h5 e8e6 g3g5 d6f7 g5g3', 'a2a4 g7f7 h4h5 e8e6 h5g6', 'd2c1 d6e4 d3e4 e8e4 f4b8']","['0.82 (centipawns)', '0.24 (centipawns)', '0.48 (centipawns)']",h4h5
"8| r . . . . r k .
7| p p p . . p p .
6| . . . . . . . p
5| . . . . . . . .
4| . . B . . P . .
3| . . N . P q . b
2| P P . . . . . Q
1| R . R . . . K .
   _ _ _ _ _ _ _ _
   A B C D E F G H

- It is Black’s turn to move.
- No castling rights available.
- No en passant target square.
- Halfmove clock: 6
- Fullmove number: 21","['a8d8 c1d1 h3e6 c4f1 f3e3', 'f8d8 c1d1 h3e6 c4f1 f3e3', 'h3e6 c4e2 f3e3 h2f2 e3b6', 'f3e3 h2f2 e3f2 g1f2 a8d8']","['0.54 (centipawns)', '0.69 (centipawns)', '0.73 (centipawns)', '0.74 (centipawns)']",a8d8
"8| . . . . r . k .
7| p . . . . p . .
6| . . . . r p . p
5| . . . . . . . .
4| . . P . . . . .
3| . P . . . . . .
2| P . . R . P P P
1| . . . R . . K .
   _ _ _ _ _ _ _ _
   A B C D E F G H

- It is White’s turn to move.
- No castling rights available.
- No en passant target square.
- Halfmove clock: 1
- Fullmove number: 24","['g1f1 g8g7 d2c2 f6f5 c4c5', 'g2g3 g8g7 g1g2 a7a5 d2c2', 'd2d8 e6e1 d1e1 e8d8 c4c5', 'f2f3 g8g7 g1f2 a7a5 d2c2']","['4.59 (centipawns)', '4.44 (centipawns)', '4.50 (centipawns)', '4.47 (centipawns)']",g1f1
"8| r . . . . . . k
7| . . p . . p . .
6| . . . . . . . p
5| . p . p N . . .
4| . p . P . . . B
3| . . Q . . . . .
2| P K . . . . . .
1| . . . . . . r .
   _ _ _ _ _ _ _ _
   A B C D E F G H

- It is Black’s turn to move.
- No castling rights available.
- No en passant target square.
- Halfmove clock: 0
- Fullmove number: 33",['b4c3 b2c3 h8g7 e5d7 a8a6'],['-6.68 (centipawns)'],b4c3
"8| r . b q k b n r
7| p p . . p p . p
6| . . n . . . p .
5| . . p . P . . .
4| . . . p . . . .
3| . . P P . N . P
2| P P . . . P P .
1| R N B Q K B . R
   _ _ _ _ _ _ _ _
   A B C D E F G H

- It is Black’s turn to move.
- Castling rights: White can castle kingside, White can castle queenside, Black can castle kingside, Black can castle queenside.
- No en passant target square.
- Halfmove clock: 0
- Fullmove number: 6","['f8g7 c1f4 f7f6 e5f6 g8f6', 'd8d5 d1b3 c8e6 b3b7 a8b8', 'g8h6 g2g3 f8g7 f1g2 d4c3']","['-0.46 (centipawns)', '-0.19 (centipawns)', '-0.14 (centipawns)']",f8g7
"8| . . . . . . . .
7| . . . . . . . .
6| . . . . . . . .
5| . . . K . . . .
4| . . P . . . k .
3| . . . . . . p .
2| . . . . . . . .
1| . . . . . . . Q
   _ _ _ _ _ _ _ _
   A B C D E F G H

- It is Black’s turn to move.
- No castling rights available.
- No en passant target square.
- Halfmove clock: 3
- Fullmove number: 59","['g4f4 h1e4 f4g5 c4c5 g5h5', 'g4g5 h1e4 g5f6 e4e5 f6g6', 'g4f5 h1f3 f5g6 c4c5 g3g2', 'g3g2 h1g2 g4f5 c4c5 f5f6']","['Mate in 7', 'Mate in 7', 'Mate in 6', 'Mate in 5']",g4f4
"8| . . . . . . . .
7| p p p . . p p .
6| . . . . . . . p
5| . . k . . . . .
4| . . P . K P n P
3| . P . . . . . .
2| . P . . . . . .
1| . . . . . . . .
   _ _ _ _ _ _ _ _
   A B C D E F G H

- It is Black’s turn to move.
- No castling rights available.
- No en passant target square.
- Halfmove clock: 1
- Fullmove number: 30","['c5b4 e4d3 g4f6 d3c2 h6h5', 'g4f6 e4d3 c5b4 d3c2 h6h5', 'a7a6 e4d3 c5b4 d3c2 a6a5']","['-9.02 (centipawns)', '-9.33 (centipawns)', '-9.32 (centipawns)']",c5b4
"8| . . . k . b . r
7| p p p . p . . p
6| . . . . p . p .
5| . . . . . . . .
4| . . . . N . . .
3| . P . . P . . .
2| P B P . K P P n
1| R . . . . . . .
   _ _ _ _ _ _ _ _
   A B C D E F G H

- It is White’s turn to move.
- No castling rights available.
- No en passant target square.
- Halfmove clock: 0
- Fullmove number: 16","['a1d1 d8e8 b2h8 h2g4 e4g5', 'b2h8 h2g4 a1d1 d8e8 e4g5']","['7.15 (centipawns)', '7.16 (centipawns)']",a1d1
"8| . . . . . . k .
7| p . q . r p . p
6| . p B . . b p .
5| . P . Q p . . .
4| . . P . . . . .
3| . . . . . . . P
2| P . . . . P P .
1| . . . R . . K .
   _ _ _ _ _ _ _ _
   A B C D E F G H

- It is White’s turn to move.
- No castling rights available.
- No en passant target square.
- Halfmove clock: 4
- Fullmove number: 28","['d5e4 h7h5 a2a4 h5h4 a4a5', 'd5d3 e7e6 d3e4 e6d6 c6d5', 'd1e1 g8g7 g2g3 e7e6 d5e4', 'g2g4 e5e4 d5d8 c7d8 d1d8']","['0.34 (centipawns)', '0.00 (centipawns)', '0.00 (centipawns)', '-0.01 (centipawns)']",d5e4
"8| . . . . . N . .
7| . b . . . . . .
6| p . . . . . p .
5| . p . . . p . .
4| . . . P . . . P
3| P . . . K . P .
2| . k . . . . . .
1| . . . . . . . .
   _ _ _ _ _ _ _ _
   A B C D E F G H

- It is White’s turn to move.
- No castling rights available.
- No en passant target square.
- Halfmove clock: 0
- Fullmove number: 37","['f8g6 b2a3 h4h5 b5b4 g6e5', 'g3g4 f5g4 f8g6 g4g3 h4h5', 'e3f4 b2a3 f8g6 b5b4 h4h5']","['0.21 (centipawns)', '0.00 (centipawns)', '-0.32 (centipawns)']",f8g6
"8| . . k . . . . r
7| p p p . . . . p
6| . . . . . p . R
5| . . . . . . p .
4| . P . . . . . .
3| . . B . . . . .
2| P . K . . . . P
1| . . . . . . . .
   _ _ _ _ _ _ _ _
   A B C D E F G H

- It is Black’s turn to move.
- No castling rights available.
- No en passant target square.
- Halfmove clock: 5
- Fullmove number: 31","['h8e8 c3f6 e8e2 c2b3 e2e3', 'h8d8 c3f6 d8d5 h6h7 d5f5', 'a7a5 c3f6 h8e8 b4a5 g5g4', 'g5g4 c3f6 h8g8 f6e5 g8g5']","['4.04 (centipawns)', '4.09 (centipawns)', '4.10 (centipawns)', '4.23 (centipawns)']",h8e8
"8| r . . q k b n r
7| p p . . . p p p
6| . . p . p . . .
5| . . . p . b . .
4| B n . P . . . .
3| . . N . P N . .
2| P P P . . P P P
1| R . B Q K . . R
   _ _ _ _ _ _ _ _
   A B C D E F G H

- It is White’s turn to move.
- Castling rights: White can castle kingside, White can castle queenside, Black can castle kingside, Black can castle queenside.
- No en passant target square.
- Halfmove clock: 2
- Fullmove number: 8","['d1e2 f8d6 a2a3 b4a6 a4c6', 'a2a3 b4a6 d1e2 f8d6 a4c6', 'f3e5 f8d6 d1e2 d6e5 d4e5']","['0.29 (centipawns)', '0.23 (centipawns)', '-0.02 (centipawns)']",d1e2
"8| r . b q . r k .
7| p p p p . p p p
6| . . n . . . . .
5| . B . . . . . .
4| . b . P n . . .
3| . . N . . N . .
2| P P . . . P P P
1| R . B Q . R K .
   _ _ _ _ _ _ _ _
   A B C D E F G H

- It is White’s turn to move.
- No castling rights available.
- No en passant target square.
- Halfmove clock: 2
- Fullmove number: 9",['c3e4 d7d5 e4g3 c8g4 b5c6'],['4.73 (centipawns)'],c3e4
"8| r . b . k . . r
7| p p . . b p p p
6| . q n . p n . .
5| . . . . . . . .
4| . . p P . B . .
3| . . P . P N . .
2| P . B . . P P P
1| R N . Q K . . R
   _ _ _ _ _ _ _ _
   A B C D E F G H

- It is White’s turn to move.
- Castling rights: White can castle kingside, White can castle queenside, Black can castle kingside, Black can castle queenside.
- No en passant target square.
- Halfmove clock: 0
- Fullmove number: 10","['b1d2 b6a6 e3e4 b7b5 e1g1', 'f4g5 b6b2 b1d2 f6d5 g5e7', 'e1g1 f6d5 d1c1 d5f4 e3f4', 'f3e5 c6e5 f4e5 c8d7 e1g1']","['1.08 (centipawns)', '0.66 (centipawns)', '0.57 (centipawns)', '0.48 (centipawns)']",b1d2
"8| . . . . . . . .
7| . . . . . p . .
6| . . . . . K . .
5| . . . . P . . p
4| . . . . . . k .
3| . . . . . . . .
2| . . . . . . . .
1| . . . . . . . .
   _ _ _ _ _ _ _ _
   A B C D E F G H

- It is White’s turn to move.
- No castling rights available.
- No en passant target square.
- Halfmove clock: 2
- Fullmove number: 58",['f6f7 h5h4 e5e6 h4h3 e6e7'],['0.00 (centipawns)'],f6f7
"8| . . . . . . . r
7| p . N n . k . p
6| . p b . p q p Q
5| . . . p . p . .
4| . . . . . P . P
3| . . P . P . . .
2| P P . . . . P .
1| R . . . K B . R
   _ _ _ _ _ _ _ _
   A B C D E F G H

- It is Black’s turn to move.
- Castling rights: White can castle kingside, White can castle queenside.
- No en passant target square.
- Halfmove clock: 0
- Fullmove number: 17","['d7c5 h4h5 g6h5 h1h5 c5e4', 'c6a4 c7b5 a4b5 f1b5 d7c5', 'a7a5 c7b5 c6b5 f1b5 d7c5']","['5.17 (centipawns)', '5.45 (centipawns)', '5.43 (centipawns)']",d7c5
"8| . . . . . . . r
7| p . . p . p p .
6| . p p . p . p .
5| . k . . P . . .
4| . . . P . . P .
3| . P P . . Q . .
2| P . . . . P . r
1| R . . . K . R .
   _ _ _ _ _ _ _ _
   A B C D E F G H

- It is White’s turn to move.
- Castling rights: White can castle queenside.
- No en passant target square.
- Halfmove clock: 1
- Fullmove number: 22","['f3d3 b5a5 b3b4 a5a4 d3a6', 'f3e2 b5a5 b3b4 a5a4 e2a6']","['Mate in 0', 'Mate in 0']",f3d3
"8| r n b q k b . r
7| p p . p p p p p
6| . . . . . . . .
5| . . p . . . . .
4| . . B . n . . .
3| . . . . . N . .
2| P P P P . P P P
1| R N B Q . R K .
   _ _ _ _ _ _ _ _
   A B C D E F G H

- It is Black’s turn to move.
- Castling rights: Black can castle kingside, Black can castle queenside.
- No en passant target square.
- Halfmove clock: 1
- Fullmove number: 4","['e7e6 f1e1 d7d5 c4f1 b8c6', 'd7d5 c4b3 e4f6 d2d4 c5c4', 'e4f6 d2d4 d7d5 c4e2 c5d4']","['-1.23 (centipawns)', '-1.40 (centipawns)', '-1.14 (centipawns)']",e7e6
"8| r . r . . . k .
7| p . . b p p . p
6| . q p . . . p .
5| . . R p . . . .
4| . P . P . . . .
3| P . . . P . P .
2| . . Q . . P B P
1| . . . . . R K .
   _ _ _ _ _ _ _ _
   A B C D E F G H

- It is White’s turn to move.
- No castling rights available.
- No en passant target square.
- Halfmove clock: 4
- Fullmove number: 24","['c2c3 a7a5 b4a5 b6b7 f1a1', 'c5a5 d7f5 c2b3 h7h5 g2f3', 'c2d2 a7a5 b4a5 b6b7 f1a1', 'e3e4 a7a5 e4d5 c6d5 g2d5']","['1.72 (centipawns)', '1.25 (centipawns)', '1.66 (centipawns)', '2.05 (centipawns)']",c2c3
"8| . r . . . . . .
7| p . R . . . . R
6| . k . N p . . .
5| . . . . . r . .
4| . . . . . . . .
3| . . . P . . . .
2| P P . . . . P P
1| . . . . K . . .
   _ _ _ _ _ _ _ _
   A B C D E F G H

- It is Black’s turn to move.
- No castling rights available.
- No en passant target square.
- Halfmove clock: 2
- Fullmove number: 36","['f5f8 d6c4 b6b5 c4d6 b5b6', 'f5f4 d6c4 b6b5 h7h5 f4f5', 'f5g5 e1d2 g5g2 d2c3 g2g4']","['7.91 (centipawns)', '7.84 (centipawns)', '7.82 (centipawns)']",f5f8
"8| . . . r . . k .
7| p b . . . . q .
6| . p . p . n . .
5| . . . . p Q . p
4| . . . . . . . .
3| . . P . . P R .
2| P P . . . . P P
1| . . R . . . K .
   _ _ _ _ _ _ _ _
   A B C D E F G H

- It is Black’s turn to move.
- No castling rights available.
- No en passant target square.
- Halfmove clock: 8
- Fullmove number: 26","['g7g3 f5e6 g8h7 h2g3 h7g6', 'f6g4 f5h5 b7c8 f3g4 d8f8']","['5.72 (centipawns)', '5.61 (centipawns)']",g7g3
"8| . . . . . . . .
7| p . . . . . . p
6| . . . . . . p .
5| . k . . . . . .
4| . . . . . . . .
3| . . B . . . . .
2| P P . . . . P P
1| . . . . . . . K
   _ _ _ _ _ _ _ _
   A B C D E F G H

- It is White’s turn to move.
- No castling rights available.
- No en passant target square.
- Halfmove clock: 0
- Fullmove number: 30","['b2b3 b5c6 h1g1 c6d5 g1f2', 'h1g1 a7a5 g1f2 a5a4 f2e3', 'c3f6 b5c4 h1g1 a7a5 g1f2', 'c3e5 g6g5 h1g1 h7h5 g1f2']","['6.71 (centipawns)', '6.47 (centipawns)', '6.55 (centipawns)', '6.70 (centipawns)']",b2b3
"8| r . . . . r k .
7| p p . . . p p .
6| . . n N . . . p
5| . . . p . . . .
4| . . . . . . . .
3| . . . . . . . P
2| . q P B . P . P
1| . . . R K . R .
   _ _ _ _ _ _ _ _
   A B C D E F G H

- It is Black’s turn to move.
- No castling rights available.
- No en passant target square.
- Halfmove clock: 1
- Fullmove number: 19","['b2e5 e1f1 e5d6 g1g3 g8h8', 'b2f6 d6b7 c6d4 e1f1 f6f3', 'g8h8 c2c3 a8e8 d2e3 d5d4']","['-8.19 (centipawns)', '-8.46 (centipawns)', '-8.34 (centipawns)']",b2e5
"8| . . . . . . r .
7| p . . . . . . .
6| . . p R b . . .
5| . p . . . p k .
4| . . P . . . n .
3| P P . . . . . .
2| . . . . . . P .
1| . . . . . . K .
   _ _ _ _ _ _ _ _
   A B C D E F G H

- It is Black’s turn to move.
- No castling rights available.
- No en passant target square.
- Halfmove clock: 1
- Fullmove number: 44","['g8e8 d6d1 b5c4 b3c4 e8b8', 'b5c4 d6e6 c4b3 e6e7 g8b8']","['-9.69 (centipawns)', 'Mate in -22']",g8e8
"8| r n b q k . n r
7| p p p p p p b .
6| . . . . . . p p
5| . . . . . . . .
4| . . B . P . . .
3| . . . . . N . .
2| P P P P . P P P
1| R N B Q K . . R
   _ _ _ _ _ _ _ _
   A B C D E F G H

- It is White’s turn to move.
- Castling rights: White can castle kingside, White can castle queenside, Black can castle kingside, Black can castle queenside.
- No en passant target square.
- Halfmove clock: 0
- Fullmove number: 4","['d2d4 e7e6 b1c3 g8e7 c1f4', 'b1c3 e7e6 d2d4 g8e7 h2h4', 'e1g1 e7e6 f1e1 g8e7 b1c3', 'c4b3 b8c6 d2d4 d7d6 h2h3']","['0.70 (centipawns)', '0.66 (centipawns)', '0.67 (centipawns)', '0.50 (centipawns)']",d2d4
"8| r . . . . . k .
7| p . . . . . p p
6| . p . . p . . .
5| . . . . . p n .
4| . . . B b . . .
3| . . P . P . . .
2| P . . . . P P P
1| . R . B . . K .
   _ _ _ _ _ _ _ _
   A B C D E F G H

- It is White’s turn to move.
- No castling rights available.
- No en passant target square.
- Halfmove clock: 0
- Fullmove number: 23","['b1c1 g5f7 d1b3 f7d8 f2f3', 'b1b4 g5f7 d1b3 f7d8 f2f3', 'b1a1 e4d5 d1b3 a8c8 f2f3', 'b1b3 g5f7 c3c4 e6e5 d4b2']","['0.35 (centipawns)', '0.30 (centipawns)', '0.32 (centipawns)', '0.13 (centipawns)']",b1c1
"8| . . . . . . . .
7| . . . . . . . .
6| . p . . . . . .
5| . . p . k . p p
4| P . P . . . . .
3| . . . . K . P P
2| . . . . . . . .
1| . . . . . . . .
   _ _ _ _ _ _ _ _
   A B C D E F G H

- It is White’s turn to move.
- No castling rights available.
- No en passant target square.
- Halfmove clock: 4
- Fullmove number: 43","['e3d3 e5f5 d3e3 g5g4 h3h4', 'h3h4 g5g4 e3d3 e5f5 d3e3']","['0.00 (centipawns)', '0.00 (centipawns)']",e3d3
"8| . . . r . b k .
7| . p q . . . p p
6| . . p . . p . .
5| . . P . p . . .
4| R . . . Q . . .
3| . . . . P . P .
2| . B . . . P . P
1| . . . . . . K .
   _ _ _ _ _ _ _ _
   A B C D E F G H

- It is Black’s turn to move.
- No castling rights available.
- No en passant target square.
- Halfmove clock: 0
- Fullmove number: 23","['c7f7 e4c2 f7d5 a4a7 h7h5', 'c7d7 b2a3 f6f5 e4c4 d7d5', 'h7h5 g1g2 c7f7 b2a3 f7d5']","['-3.01 (centipawns)', '-2.83 (centipawns)', '-2.60 (centipawns)']",c7f7
"8| r n . . . r k .
7| p p p q p p b p
6| . . . . . n p .
5| . P . p . . . .
4| P . . P . . . .
3| B . P . . N P .
2| . . . N P P K P
1| R . . Q R . . .
   _ _ _ _ _ _ _ _
   A B C D E F G H

- It is Black’s turn to move.
- No castling rights available.
- No en passant target square.
- Halfmove clock: 2
- Fullmove number: 13","['a7a6 d1b3 f8e8 c3c4 a6b5', 'f8e8 f3e5 d7e6 d2f3 f6e4', 'f8d8 d1c2 a7a6 c3c4 a6b5']","['0.53 (centipawns)', '0.43 (centipawns)', '0.69 (centipawns)']",a7a6
"8| . . r . . . . .
7| p p . . . p . k
6| . . . . . . p .
5| . . . . . . . .
4| . . . . . . . .
3| . P . . B . P .
2| . P . . . P . P
1| . . . . . . K .
   _ _ _ _ _ _ _ _
   A B C D E F G H

- It is White’s turn to move.
- No castling rights available.
- No en passant target square.
- Halfmove clock: 1
- Fullmove number: 30","['e3a7 c8d8 a7e3 d8d3 b3b4', 'g1g2 a7a5 e3d4 c8d8 d4c3']","['-1.78 (centipawns)', '-3.05 (centipawns)']",e3a7
"8| r n b q k . n r
7| p p p . b p p p
6| . . . p . . . .
5| . . . . p . . .
4| . . B . P . . .
3| . . . . . N . .
2| P P P P . P P P
1| R N B Q . R K .
   _ _ _ _ _ _ _ _
   A B C D E F G H

- It is Black’s turn to move.
- Castling rights: Black can castle kingside, Black can castle queenside.
- No en passant target square.
- Halfmove clock: 3
- Fullmove number: 4","['g8f6 b1c3 c7c5 d2d3 b8c6', 'c7c5 b1c3 g8f6 d2d3 e8g8', 'b8c6 d2d4 e5d4 f3d4 g8f6', 'a7a6 d2d4 e5d4 f3d4 g8f6']","['0.22 (centipawns)', '0.19 (centipawns)', '0.32 (centipawns)', '0.41 (centipawns)']",g8f6
"8| . . q . r . . k
7| . . . . . . b p
6| . . . . p n p .
5| . p . . P . . .
4| . P . . . P . .
3| . Q . . B . . .
2| . . . . . N P P
1| . R . . . . K .
   _ _ _ _ _ _ _ _
   A B C D E F G H

- It is Black’s turn to move.
- No castling rights available.
- No en passant target square.
- Halfmove clock: 0
- Fullmove number: 27",['f6d5 f2e4 c8c6 b1c1 c6a8'],['1.47 (centipawns)'],f6d5
"8| . . . . . . . .
7| . . . . . . k .
6| . R . . K . p .
5| . . . . N p . .
4| . . . . . . . .
3| . . . . . . . .
2| . . . . . . . .
1| . . . . r . . .
   _ _ _ _ _ _ _ _
   A B C D E F G H

- It is White’s turn to move.
- No castling rights available.
- No en passant target square.
- Halfmove clock: 8
- Fullmove number: 57","['b6b7 g7h6 e6f6 e1a1 b7b6', 'b6b2 e1a1 b2g2 a1a6 e6e7', 'b6d6 e1a1 d6c6 a1a3 e6e7', 'b6b4 e1a1 b4b7 g7h6 e5f7']","['-0.05 (centipawns)', '0.00 (centipawns)', '0.03 (centipawns)', '0.00 (centipawns)']",b6b7
