prompt,board,trajectories,evaluations,best_move
"Here is a chess board in a grid format:
8| . . k r . . . r
7| p p . q . p p .
6| . . p . n . . .
5| . . . p P . . p
4| P . . . n . . .
3| . Q P . . P P .
2| . P . B P . K P
1| R N . . . R . .
   _ _ _ _ _ _ _ _
   A B C D E F G H

- It is Black’s turn to move.
- No castling rights available.
- No en passant target square.
- Halfmove clock: 0
- Fullmove number: 18
Here are some continuations of 5 or less plies:
Line 1: f7f5 f3e4 d5e4 d2e3 h5h4
Line 2: h5h4 g3g4 e4g3 f1e1 d7c7
Line 3: e4d2 b1d2 h5h4 f3f4 h4g3
Line 4: e4c5 b3c2 h5h4 g3g4 d7c7

Figure out which one leads to the best board for current the player to move, and then suggest the first move from that continuation as the move to play.","8| . . k r . . . r
7| p p . q . p p .
6| . . p . n . . .
5| . . . p P . . p
4| P . . . n . . .
3| . Q P . . P P .
2| . P . B P . K P
1| R N . . . R . .
   _ _ _ _ _ _ _ _
   A B C D E F G H

- It is Black’s turn to move.
- No castling rights available.
- No en passant target square.
- Halfmove clock: 0
- Fullmove number: 18","['f7f5 f3e4 d5e4 d2e3 h5h4', 'h5h4 g3g4 e4g3 f1e1 d7c7', 'e4d2 b1d2 h5h4 f3f4 h4g3', 'e4c5 b3c2 h5h4 g3g4 d7c7']","['1.94 (centipawns)', '-1.85 (centipawns)', '-0.87 (centipawns)', '-0.62 (centipawns)']",f7f5
"Here is a chess board in a grid format:
8| r . . . . r k .
7| p b . n q . . p
6| . p p . p b p .
5| . . . . . . . .
4| . . . P N . . .
3| . . P . . N . .
2| P P . . Q . P P
1| R . B . . R K .
   _ _ _ _ _ _ _ _
   A B C D E F G H

- It is White’s turn to move.
- No castling rights available.
- No en passant target square.
- Halfmove clock: 4
- Fullmove number: 18
Here are some continuations of 5 or less plies:
Line 1: c1f4 e6e5 e4f6 f8f6 f4g5
Line 2: e4f6 d7f6 c1g5 c6c5 f3e5
Line 3: c1h6 f6g7 h6g5 d7f6 f3e5

Figure out which one leads to the best board for current the player to move, and then suggest the first move from that continuation as the move to play.","8| r . . . . r k .
7| p b . n q . . p
6| . p p . p b p .
5| . . . . . . . .
4| . . . P N . . .
3| . . P . . N . .
2| P P . . Q . P P
1| R . B . . R K .
   _ _ _ _ _ _ _ _
   A B C D E F G H

- It is White’s turn to move.
- No castling rights available.
- No en passant target square.
- Halfmove clock: 4
- Fullmove number: 18","['c1f4 e6e5 e4f6 f8f6 f4g5', 'e4f6 d7f6 c1g5 c6c5 f3e5', 'c1h6 f6g7 h6g5 d7f6 f3e5']","['3.50 (centipawns)', '3.41 (centipawns)', '3.57 (centipawns)']",c1f4
"Here is a chess board in a grid format:
8| . . . . . r k .
7| . Q . . . p p .
6| p . . p . . . p
5| . p . . . . . .
4| . . P . . . . .
3| . . q . . . . P
2| . . . . . P P .
1| . . . R . . K .
   _ _ _ _ _ _ _ _
   A B C D E F G H

- It is White’s turn to move.
- No castling rights available.
- No en passant target square.
- Halfmove clock: 2
- Fullmove number: 27
Here are some continuations of 5 or less plies:
Line 1: c4b5 c3c2 d1a1 a6b5 b7b5
Line 2: b7a6 c3c4 a6d6 f8e8 d1d4
Line 3: g2g3 b5c4 d1d6 a6a5 d6a6

Figure out which one leads to the best board for current the player to move, and then suggest the first move from that continuation as the move to play.","8| . . . . . r k .
7| . Q . . . p p .
6| p . . p . . . p
5| . p . . . . . .
4| . . P . . . . .
3| . . q . . . . P
2| . . . . . P P .
1| . . . R . . K .
   _ _ _ _ _ _ _ _
   A B C D E F G H

- It is White’s turn to move.
- No castling rights available.
- No en passant target square.
- Halfmove clock: 2
- Fullmove number: 27","['c4b5 c3c2 d1a1 a6b5 b7b5', 'b7a6 c3c4 a6d6 f8e8 d1d4', 'g2g3 b5c4 d1d6 a6a5 d6a6']","['-0.21 (centipawns)', '-1.01 (centipawns)', '-2.68 (centipawns)']",c4b5
"Here is a chess board in a grid format:
8| r n b . r . . .
7| b p p . k N p p
6| . . . . . n . .
5| p . . . . . . .
4| . . B . P . . .
3| . . P . . . . .
2| P P . . . P P P
1| R N B . . R K .
   _ _ _ _ _ _ _ _
   A B C D E F G H

- It is White’s turn to move.
- No castling rights available.
- No en passant target square.
- Halfmove clock: 1
- Fullmove number: 11
Here are some continuations of 5 or less plies:
Line 1: e4e5 c8e6 e5f6 e7f7 c4e6
Line 2: b1a3 c8e6 f7g5 e6c4 a3c4
Line 3: f7g5 h7h6 g5f3 f6e4 c1f4
Line 4: a2a4 c8e6 c4e6 e7e6 f7g5

Figure out which one leads to the best board for current the player to move, and then suggest the first move from that continuation as the move to play.","8| r n b . r . . .
7| b p p . k N p p
6| . . . . . n . .
5| p . . . . . . .
4| . . B . P . . .
3| . . P . . . . .
2| P P . . . P P P
1| R N B . . R K .
   _ _ _ _ _ _ _ _
   A B C D E F G H

- It is White’s turn to move.
- No castling rights available.
- No en passant target square.
- Halfmove clock: 1
- Fullmove number: 11","['e4e5 c8e6 e5f6 e7f7 c4e6', 'b1a3 c8e6 f7g5 e6c4 a3c4', 'f7g5 h7h6 g5f3 f6e4 c1f4', 'a2a4 c8e6 c4e6 e7e6 f7g5']","['2.52 (centipawns)', '2.39 (centipawns)', '2.22 (centipawns)', '1.97 (centipawns)']",e4e5
"Here is a chess board in a grid format:
8| . . . r k . r .
7| . q . b b p B p
6| p . p . . . . .
5| . . . . . . . .
4| B . . Q P . . .
3| . . . . . . . .
2| P P P . . P P P
1| . . . R . R K .
   _ _ _ _ _ _ _ _
   A B C D E F G H

- It is Black’s turn to move.
- No castling rights available.
- No en passant target square.
- Halfmove clock: 4
- Fullmove number: 17
Here are some continuations of 5 or less plies:
Line 1: d8a8 d1d3 d7g4 d4c3 a8c8
Line 2: f7f6 g7f6 g8g2 g1h1 b7c7
Line 3: b7b4 d4b4 e7b4 g7f6 b4e7
Line 4: b7c7 d4c3 h7h5 d1d3 d8c8

Figure out which one leads to the best board for current the player to move, and then suggest the first move from that continuation as the move to play.","8| . . . r k . r .
7| . q . b b p B p
6| p . p . . . . .
5| . . . . . . . .
4| B . . Q P . . .
3| . . . . . . . .
2| P P P . . P P P
1| . . . R . R K .
   _ _ _ _ _ _ _ _
   A B C D E F G H

- It is Black’s turn to move.
- No castling rights available.
- No en passant target square.
- Halfmove clock: 4
- Fullmove number: 17","['d8a8 d1d3 d7g4 d4c3 a8c8', 'f7f6 g7f6 g8g2 g1h1 b7c7', 'b7b4 d4b4 e7b4 g7f6 b4e7', 'b7c7 d4c3 h7h5 d1d3 d8c8']","['5.40 (centipawns)', '4.97 (centipawns)', '4.56 (centipawns)', '5.46 (centipawns)']",d8a8
"Here is a chess board in a grid format:
8| . . . . . r k .
7| p . . . n p . .
6| . . . . . . . .
5| . . . . . Q . P
4| . . q p . . . .
3| . . . . . R P .
2| P . . . . R . .
1| . . . . . . K .
   _ _ _ _ _ _ _ _
   A B C D E F G H

- It is White’s turn to move.
- No castling rights available.
- No en passant target square.
- Halfmove clock: 1
- Fullmove number: 32
Here are some continuations of 5 or less plies:
Line 1: f5g5 e7g6 h5g6 f7f5 g5h6

Figure out which one leads to the best board for current the player to move, and then suggest the first move from that continuation as the move to play.","8| . . . . . r k .
7| p . . . n p . .
6| . . . . . . . .
5| . . . . . Q . P
4| . . q p . . . .
3| . . . . . R P .
2| P . . . . R . .
1| . . . . . . K .
   _ _ _ _ _ _ _ _
   A B C D E F G H

- It is White’s turn to move.
- No castling rights available.
- No en passant target square.
- Halfmove clock: 1
- Fullmove number: 32",['f5g5 e7g6 h5g6 f7f5 g5h6'],['11.38 (centipawns)'],f5g5
"Here is a chess board in a grid format:
8| r . . . k b . r
7| . p p q . . p p
6| p . n . . . . n
5| . . . . p . . .
4| . . B p P . . .
3| . N P . . Q . P
2| P P . . . P P .
1| R . B . . R K .
   _ _ _ _ _ _ _ _
   A B C D E F G H

- It is Black’s turn to move.
- Castling rights: Black can castle kingside, Black can castle queenside.
- No en passant target square.
- Halfmove clock: 3
- Fullmove number: 12
Here are some continuations of 5 or less plies:
Line 1: a8b8 c1h6 g7h6 f3h5 e8d8
Line 2: e8c8 c1d2 h6g8 c3d4 e5d4
Line 3: h6f7 c3d4 e5d4 c4d5 f8d6
Line 4: f8d6 c1h6 g7h6 f3h5 e8d8

Figure out which one leads to the best board for current the player to move, and then suggest the first move from that continuation as the move to play.","8| r . . . k b . r
7| . p p q . . p p
6| p . n . . . . n
5| . . . . p . . .
4| . . B p P . . .
3| . N P . . Q . P
2| P P . . . P P .
1| R . B . . R K .
   _ _ _ _ _ _ _ _
   A B C D E F G H

- It is Black’s turn to move.
- Castling rights: Black can castle kingside, Black can castle queenside.
- No en passant target square.
- Halfmove clock: 3
- Fullmove number: 12","['a8b8 c1h6 g7h6 f3h5 e8d8', 'e8c8 c1d2 h6g8 c3d4 e5d4', 'h6f7 c3d4 e5d4 c4d5 f8d6', 'f8d6 c1h6 g7h6 f3h5 e8d8']","['4.61 (centipawns)', '2.18 (centipawns)', '2.41 (centipawns)', '3.14 (centipawns)']",a8b8
"Here is a chess board in a grid format:
8| . . B . . . . .
7| p . . . . . . .
6| . p . . . . k .
5| . . . p . . p .
4| . . . P . . K .
3| . . . . . . . P
2| P P . . . . . .
1| . . . . . . . .
   _ _ _ _ _ _ _ _
   A B C D E F G H

- It is White’s turn to move.
- No castling rights available.
- No en passant target square.
- Halfmove clock: 10
- Fullmove number: 41
Here are some continuations of 5 or less plies:
Line 1: c8a6 g6f6 a6d3 b6b5 d3b5
Line 2: c8d7 g6f6 d7b5 f6g6 b5a6
Line 3: c8e6 b6b5 b2b4 g6f6 e6f5
Line 4: c8b7 g6f7 b7a6 f7g7 g4g5

Figure out which one leads to the best board for current the player to move, and then suggest the first move from that continuation as the move to play.","8| . . B . . . . .
7| p . . . . . . .
6| . p . . . . k .
5| . . . p . . p .
4| . . . P . . K .
3| . . . . . . . P
2| P P . . . . . .
1| . . . . . . . .
   _ _ _ _ _ _ _ _
   A B C D E F G H

- It is White’s turn to move.
- No castling rights available.
- No en passant target square.
- Halfmove clock: 10
- Fullmove number: 41","['c8a6 g6f6 a6d3 b6b5 d3b5', 'c8d7 g6f6 d7b5 f6g6 b5a6', 'c8e6 b6b5 b2b4 g6f6 e6f5', 'c8b7 g6f7 b7a6 f7g7 g4g5']","['8.22 (centipawns)', '8.07 (centipawns)', '8.83 (centipawns)', '8.77 (centipawns)']",c8a6
"Here is a chess board in a grid format:
8| r . . . k r . .
7| . b . p . p . p
6| p . n . . . . .
5| . p . N . . Q p
4| . . . . P . . .
3| P q . . . . . .
2| . P . . . . P P
1| . . . . . R K .
   _ _ _ _ _ _ _ _
   A B C D E F G H

- It is White’s turn to move.
- No castling rights available.
- No en passant target square.
- Halfmove clock: 0
- Fullmove number: 31
Here are some continuations of 5 or less plies:
Line 1: d5c7

Figure out which one leads to the best board for current the player to move, and then suggest the first move from that continuation as the move to play.","8| r . . . k r . .
7| . b . p . p . p
6| p . n . . . . .
5| . p . N . . Q p
4| . . . . P . . .
3| P q . . . . . .
2| . P . . . . P P
1| . . . . . R K .
   _ _ _ _ _ _ _ _
   A B C D E F G H

- It is White’s turn to move.
- No castling rights available.
- No en passant target square.
- Halfmove clock: 0
- Fullmove number: 31",['d5c7'],['Mate in 0'],d5c7
"Here is a chess board in a grid format:
8| r n b q k b n r
7| p p . p p p p p
6| . . . . . . . .
5| . . p . . . . .
4| . . . . . . . .
3| . . . . . . P .
2| P P P P P P B P
1| R N B Q K . N R
   _ _ _ _ _ _ _ _
   A B C D E F G H

- It is Black’s turn to move.
- Castling rights: White can castle kingside, White can castle queenside, Black can castle kingside, Black can castle queenside.
- No en passant target square.
- Halfmove clock: 1
- Fullmove number: 2
Here are some continuations of 5 or less plies:
Line 1: d8a5 c2c4 g8f6 b1c3 b8c6
Line 2: d7d5 g1f3 g8f6 e1g1 e7e6
Line 3: g8f6 c2c4 d7d5 c4d5 f6d5
Line 4: b8c6 c2c4 g7g6 b1c3 f8g7

Figure out which one leads to the best board for current the player to move, and then suggest the first move from that continuation as the move to play.","8| r n b q k b n r
7| p p . p p p p p
6| . . . . . . . .
5| . . p . . . . .
4| . . . . . . . .
3| . . . . . . P .
2| P P P P P P B P
1| R N B Q K . N R
   _ _ _ _ _ _ _ _
   A B C D E F G H

- It is Black’s turn to move.
- Castling rights: White can castle kingside, White can castle queenside, Black can castle kingside, Black can castle queenside.
- No en passant target square.
- Halfmove clock: 1
- Fullmove number: 2","['d8a5 c2c4 g8f6 b1c3 b8c6', 'd7d5 g1f3 g8f6 e1g1 e7e6', 'g8f6 c2c4 d7d5 c4d5 f6d5', 'b8c6 c2c4 g7g6 b1c3 f8g7']","['0.61 (centipawns)', '0.19 (centipawns)', '0.19 (centipawns)', '0.12 (centipawns)']",d8a5
"Here is a chess board in a grid format:
8| . . . . . k . .
7| . p . P . . p p
6| p b . p . . . .
5| P . . . p . . .
4| . P . . . . . .
3| . . . . . . . P
2| . . . P . P P .
1| . . . . . R . K
   _ _ _ _ _ _ _ _
   A B C D E F G H

- It is Black’s turn to move.
- No castling rights available.
- No en passant target square.
- Halfmove clock: 0
- Fullmove number: 27
Here are some continuations of 5 or less plies:
Line 1: b6d4 d7d8q f8f7 d8d7 f7f6
Line 2: b6d8 f1e1 f8e7 d2d4 e7d7
Line 3: b6c7 f1c1 c7d8 c1c8 f8e7
Line 4: b6a5 b4a5 f8e7 f1b1 e7d7

Figure out which one leads to the best board for current the player to move, and then suggest the first move from that continuation as the move to play.","8| . . . . . k . .
7| . p . P . . p p
6| p b . p . . . .
5| P . . . p . . .
4| . P . . . . . .
3| . . . . . . . P
2| . . . P . P P .
1| . . . . . R . K
   _ _ _ _ _ _ _ _
   A B C D E F G H

- It is Black’s turn to move.
- No castling rights available.
- No en passant target square.
- Halfmove clock: 0
- Fullmove number: 27","['b6d4 d7d8q f8f7 d8d7 f7f6', 'b6d8 f1e1 f8e7 d2d4 e7d7', 'b6c7 f1c1 c7d8 c1c8 f8e7', 'b6a5 b4a5 f8e7 f1b1 e7d7']","['11.00 (centipawns)', '4.14 (centipawns)', '5.35 (centipawns)', '7.99 (centipawns)']",b6d4
"Here is a chess board in a grid format:
8| . . . r . . . .
7| p k p . . . R .
6| . . . . . . . .
5| . p . . . p . .
4| . . b . . . . r
3| . . n . P . . .
2| . P . . . . . .
1| . . K . . . R .
   _ _ _ _ _ _ _ _
   A B C D E F G H

- It is White’s turn to move.
- No castling rights available.
- No en passant target square.
- Halfmove clock: 4
- Fullmove number: 28
Here are some continuations of 5 or less plies:
Line 1: b2c3 d8d3 g1g2 d3c3 c1b2

Figure out which one leads to the best board for current the player to move, and then suggest the first move from that continuation as the move to play.","8| . . . r . . . .
7| p k p . . . R .
6| . . . . . . . .
5| . p . . . p . .
4| . . b . . . . r
3| . . n . P . . .
2| . P . . . . . .
1| . . K . . . R .
   _ _ _ _ _ _ _ _
   A B C D E F G H

- It is White’s turn to move.
- No castling rights available.
- No en passant target square.
- Halfmove clock: 4
- Fullmove number: 28",['b2c3 d8d3 g1g2 d3c3 c1b2'],['-7.83 (centipawns)'],b2c3
"Here is a chess board in a grid format:
8| r . . q k . . r
7| p p . . b p p p
6| . . n . p n . .
5| . B p p . . . .
4| . . . . . P b .
3| . P . P P N . .
2| P B P . . . P P
1| R N . Q . R K .
   _ _ _ _ _ _ _ _
   A B C D E F G H

- It is Black’s turn to move.
- Castling rights: Black can castle kingside, Black can castle queenside.
- No en passant target square.
- Halfmove clock: 0
- Fullmove number: 8
Here are some continuations of 5 or less plies:
Line 1: d8b8 b5c6 b7c6 d1e1 g4f3
Line 2: a8c8 h2h3 g4f3 d1f3 e8g8
Line 3: d8c8 b1d2 e8g8 b5c6 c8c6
Line 4: d8c7 b1d2 e8g8 b5c6 c7c6

Figure out which one leads to the best board for current the player to move, and then suggest the first move from that continuation as the move to play.","8| r . . q k . . r
7| p p . . b p p p
6| . . n . p n . .
5| . B p p . . . .
4| . . . . . P b .
3| . P . P P N . .
2| P B P . . . P P
1| R N . Q . R K .
   _ _ _ _ _ _ _ _
   A B C D E F G H

- It is Black’s turn to move.
- Castling rights: Black can castle kingside, Black can castle queenside.
- No en passant target square.
- Halfmove clock: 0
- Fullmove number: 8","['d8b8 b5c6 b7c6 d1e1 g4f3', 'a8c8 h2h3 g4f3 d1f3 e8g8', 'd8c8 b1d2 e8g8 b5c6 c8c6', 'd8c7 b1d2 e8g8 b5c6 c7c6']","['0.87 (centipawns)', '0.27 (centipawns)', '0.34 (centipawns)', '0.37 (centipawns)']",d8b8
"Here is a chess board in a grid format:
8| r . . . r k . .
7| p . b . . p . p
6| . p p . p . . .
5| . . P p . . . .
4| . . . . P . . .
3| . . N B R . . .
2| P P . . . P P P
1| . . . . . R K .
   _ _ _ _ _ _ _ _
   A B C D E F G H

- It is White’s turn to move.
- No castling rights available.
- No en passant target square.
- Halfmove clock: 0
- Fullmove number: 21
Here are some continuations of 5 or less plies:
Line 1: e4d5 c6d5 c5b6 c7b6 e3e2
Line 2: c5b6 a7b6 e4d5 c6d5 e3e2
Line 3: e3h3 b6c5 b2b3 a8b8 c3a4
Line 4: e3e1 b6c5 b2b3 a8b8 c3a4

Figure out which one leads to the best board for current the player to move, and then suggest the first move from that continuation as the move to play.","8| r . . . r k . .
7| p . b . . p . p
6| . p p . p . . .
5| . . P p . . . .
4| . . . . P . . .
3| . . N B R . . .
2| P P . . . P P P
1| . . . . . R K .
   _ _ _ _ _ _ _ _
   A B C D E F G H

- It is White’s turn to move.
- No castling rights available.
- No en passant target square.
- Halfmove clock: 0
- Fullmove number: 21","['e4d5 c6d5 c5b6 c7b6 e3e2', 'c5b6 a7b6 e4d5 c6d5 e3e2', 'e3h3 b6c5 b2b3 a8b8 c3a4', 'e3e1 b6c5 b2b3 a8b8 c3a4']","['4.46 (centipawns)', '4.70 (centipawns)', '3.75 (centipawns)', '4.22 (centipawns)']",e4d5
"Here is a chess board in a grid format:
8| . r . . . . k .
7| . . . . . p . .
6| p . . . . . . p
5| . p . . . . p .
4| . . b . . . . .
3| . . B . . . P .
2| . . . . . P . P
1| R . . . . . K .
   _ _ _ _ _ _ _ _
   A B C D E F G H

- It is White’s turn to move.
- No castling rights available.
- No en passant target square.
- Halfmove clock: 2
- Fullmove number: 35
Here are some continuations of 5 or less plies:
Line 1: a1a6 g8h7 a6d6 h6h5 c3b4

Figure out which one leads to the best board for current the player to move, and then suggest the first move from that continuation as the move to play.","8| . r . . . . k .
7| . . . . . p . .
6| p . . . . . . p
5| . p . . . . p .
4| . . b . . . . .
3| . . B . . . P .
2| . . . . . P . P
1| R . . . . . K .
   _ _ _ _ _ _ _ _
   A B C D E F G H

- It is White’s turn to move.
- No castling rights available.
- No en passant target square.
- Halfmove clock: 2
- Fullmove number: 35",['a1a6 g8h7 a6d6 h6h5 c3b4'],['-0.87 (centipawns)'],a1a6
"Here is a chess board in a grid format:
8| r . . q . r k .
7| p p p . n p . p
6| . . . . . p b b
5| . . . P p . . .
4| . . B . P . . .
3| P . N . . . . P
2| . P . . N P P .
1| R . . Q . R K .
   _ _ _ _ _ _ _ _
   A B C D E F G H

- It is Black’s turn to move.
- No castling rights available.
- No en passant target square.
- Halfmove clock: 0
- Fullmove number: 12
Here are some continuations of 5 or less plies:
Line 1: a7a5 g2g4 h6g5 e2g3 e7c8
Line 2: f6f5 d1c2 f5e4 c3e4 e7f5
Line 3: g8h8 g2g4 f8g8 e2g3 e7c8
Line 4: a7a6 g2g4 h6g5 e2g3 g8h8

Figure out which one leads to the best board for current the player to move, and then suggest the first move from that continuation as the move to play.","8| r . . q . r k .
7| p p p . n p . p
6| . . . . . p b b
5| . . . P p . . .
4| . . B . P . . .
3| P . N . . . . P
2| . P . . N P P .
1| R . . Q . R K .
   _ _ _ _ _ _ _ _
   A B C D E F G H

- It is Black’s turn to move.
- No castling rights available.
- No en passant target square.
- Halfmove clock: 0
- Fullmove number: 12","['a7a5 g2g4 h6g5 e2g3 e7c8', 'f6f5 d1c2 f5e4 c3e4 e7f5', 'g8h8 g2g4 f8g8 e2g3 e7c8', 'a7a6 g2g4 h6g5 e2g3 g8h8']","['0.50 (centipawns)', '-0.62 (centipawns)', '0.51 (centipawns)', '0.63 (centipawns)']",a7a5
"Here is a chess board in a grid format:
8| . . r . r . k .
7| . p p . . p p n
6| . p . p . n . p
5| . P . P . . . .
4| . . . . P . . B
3| P . . . . . . .
2| . . . N . P P P
1| R . . . R . K .
   _ _ _ _ _ _ _ _
   A B C D E F G H

- It is Black’s turn to move.
- No castling rights available.
- No en passant target square.
- Halfmove clock: 0
- Fullmove number: 21
Here are some continuations of 5 or less plies:
Line 1: h7f8 h4f6 g7f6 d2f1 f8d7
Line 2: f6d7 d2c4 g7g5 h4g3 f7f5
Line 3: c8a8 f2f3 f6d7 d2c4 h7f8
Line 4: g7g5 h4g3 f6h5 f2f3 h7f8

Figure out which one leads to the best board for current the player to move, and then suggest the first move from that continuation as the move to play.","8| . . r . r . k .
7| . p p . . p p n
6| . p . p . n . p
5| . P . P . . . .
4| . . . . P . . B
3| P . . . . . . .
2| . . . N . P P P
1| R . . . R . K .
   _ _ _ _ _ _ _ _
   A B C D E F G H

- It is Black’s turn to move.
- No castling rights available.
- No en passant target square.
- Halfmove clock: 0
- Fullmove number: 21","['h7f8 h4f6 g7f6 d2f1 f8d7', 'f6d7 d2c4 g7g5 h4g3 f7f5', 'c8a8 f2f3 f6d7 d2c4 h7f8', 'g7g5 h4g3 f6h5 f2f3 h7f8']","['0.89 (centipawns)', '-0.15 (centipawns)', '0.43 (centipawns)', '0.41 (centipawns)']",h7f8
"Here is a chess board in a grid format:
8| r . . . k b n r
7| p p . b . p p p
6| . . n . p . . .
5| . . p p . . . .
4| . . . P . . . .
3| P . P . P . P .
2| . q . B N P B P
1| R N . Q . R K .
   _ _ _ _ _ _ _ _
   A B C D E F G H

- It is Black’s turn to move.
- Castling rights: Black can castle kingside, Black can castle queenside.
- No en passant target square.
- Halfmove clock: 1
- Fullmove number: 9
Here are some continuations of 5 or less plies:
Line 1: a8b8 c3c4 b2a1 c4d5 e6d5
Line 2: b2a1 c3c4 g8f6 e2c3 a1b2
Line 3: g8f6 c3c4 b2a1 e2c3 a1b2
Line 4: a8c8 c3c4 b2a1 c4d5 e6d5

Figure out which one leads to the best board for current the player to move, and then suggest the first move from that continuation as the move to play.","8| r . . . k b n r
7| p p . b . p p p
6| . . n . p . . .
5| . . p p . . . .
4| . . . P . . . .
3| P . P . P . P .
2| . q . B N P B P
1| R N . Q . R K .
   _ _ _ _ _ _ _ _
   A B C D E F G H

- It is Black’s turn to move.
- Castling rights: Black can castle kingside, Black can castle queenside.
- No en passant target square.
- Halfmove clock: 1
- Fullmove number: 9","['a8b8 c3c4 b2a1 c4d5 e6d5', 'b2a1 c3c4 g8f6 e2c3 a1b2', 'g8f6 c3c4 b2a1 e2c3 a1b2', 'a8c8 c3c4 b2a1 c4d5 e6d5']","['-2.68 (centipawns)', '-3.89 (centipawns)', '-3.94 (centipawns)', '-3.25 (centipawns)']",a8b8
"Here is a chess board in a grid format:
8| . . . . k . . r
7| . . . p . p . .
6| . . n . p . . .
5| . . . b P . p p
4| . . p P . . . .
3| P . . . . N . P
2| . . . . B P P .
1| . . . . . R K .
   _ _ _ _ _ _ _ _
   A B C D E F G H

- It is Black’s turn to move.
- Castling rights: Black can castle kingside.
- No en passant target square.
- Halfmove clock: 0
- Fullmove number: 22
Here are some continuations of 5 or less plies:
Line 1: c4c3 f1c1 g5g4 f3e1 g4h3
Line 2: g5g4 h3g4 h5g4 f3h2 c6d4
Line 3: e8e7 f1c1 g5g4 h3g4 h5g4
Line 4: f7f5 e5f6 d5f3 e2f3 c6d4

Figure out which one leads to the best board for current the player to move, and then suggest the first move from that continuation as the move to play.","8| . . . . k . . r
7| . . . p . p . .
6| . . n . p . . .
5| . . . b P . p p
4| . . p P . . . .
3| P . . . . N . P
2| . . . . B P P .
1| . . . . . R K .
   _ _ _ _ _ _ _ _
   A B C D E F G H

- It is Black’s turn to move.
- Castling rights: Black can castle kingside.
- No en passant target square.
- Halfmove clock: 0
- Fullmove number: 22","['c4c3 f1c1 g5g4 f3e1 g4h3', 'g5g4 h3g4 h5g4 f3h2 c6d4', 'e8e7 f1c1 g5g4 h3g4 h5g4', 'f7f5 e5f6 d5f3 e2f3 c6d4']","['-0.50 (centipawns)', '-3.45 (centipawns)', '-3.00 (centipawns)', '-3.01 (centipawns)']",c4c3
"Here is a chess board in a grid format:
8| . . . . r r k .
7| p . p . . . p .
6| . p . . . q . .
5| . . . R . p p .
4| . P P . . P . .
3| P . . . p . P .
2| . . . . Q . . P
1| . . . R . . K .
   _ _ _ _ _ _ _ _
   A B C D E F G H

- It is White’s turn to move.
- No castling rights available.
- No en passant target square.
- Halfmove clock: 0
- Fullmove number: 26
Here are some continuations of 5 or less plies:
Line 1: f4g5 f6g5 c4c5 f8f7 e2f3
Line 2: d5d4 g5f4 d4f4 e8e5 f4d4
Line 3: d5d3 g5f4 g3f4 f6g6 g1h1

Figure out which one leads to the best board for current the player to move, and then suggest the first move from that continuation as the move to play.","8| . . . . r r k .
7| p . p . . . p .
6| . p . . . q . .
5| . . . R . p p .
4| . P P . . P . .
3| P . . . p . P .
2| . . . . Q . . P
1| . . . R . . K .
   _ _ _ _ _ _ _ _
   A B C D E F G H

- It is White’s turn to move.
- No castling rights available.
- No en passant target square.
- Halfmove clock: 0
- Fullmove number: 26","['f4g5 f6g5 c4c5 f8f7 e2f3', 'd5d4 g5f4 d4f4 e8e5 f4d4', 'd5d3 g5f4 g3f4 f6g6 g1h1']","['-1.81 (centipawns)', '-2.41 (centipawns)', '-3.18 (centipawns)']",f4g5
